{
  "artifact_schema_version": 2,
  "label": "effect_family_matrix_v2",
  "captured_at": "2026-03-15T02:49:04Z",
  "git_rev": "079947dadcceeb92a186e2df89536cc219bdb56b",
  "repo_state": "clean",
  "host": {
    "uname": "Darwin timartiumai.local 25.4.0 Darwin Kernel Version 25.4.0: Thu Mar  5 22:43:42 PST 2026; root:xnu-12377.101.14~19/RELEASE_ARM64_T6020 arm64",
    "cpu": "Apple M2 Pro",
    "zig_version": "0.15.2"
  },
  "measurement_contract": {
    "command": "zig build bench-effect-matrix",
    "timed_iterations": 50000,
    "warmup_iterations": 20000,
    "samples_per_run": 9,
    "summary_stat": "median_ns from one warmed invocation"
  },
  "covered_families": ["state","reader","optional","exception","resource","writer"],
  "lane_classes": ["micro","amortized","investigation"],
  "uncovered_paths": ["resource_abortive_cleanup"],
  "lanes": {
    "state_micro": {
      "lane_class": "micro",
      "target_ratio_max": 1.05,
      "raw_checksum": 2500050000,
      "effect_checksum": 2500050000,
      "raw_sample_ns": [8909375,8735208,8915125,9006666,8891792],
      "effect_sample_ns": [21458,21459,21458,21542,21416],
      "raw_min_ns": 8735208,
      "raw_median_ns": 8909375,
      "raw_max_ns": 9094541,
      "effect_min_ns": 21416,
      "effect_median_ns": 21458,
      "effect_max_ns": 21542,
      "observed_ratio": 0.0024084742195721
    },
    "reader_micro": {
      "lane_class": "micro",
      "target_ratio_max": 1.15,
      "raw_checksum": 1250025000,
      "effect_checksum": 1250025000,
      "raw_sample_ns": [4601000,4772000,4733042,4545625,4720000],
      "effect_sample_ns": [14375,14333,14459,14375,14375],
      "raw_min_ns": 4545625,
      "raw_median_ns": 4733042,
      "raw_max_ns": 5008334,
      "effect_min_ns": 14250,
      "effect_median_ns": 14375,
      "effect_max_ns": 21166,
      "observed_ratio": 0.0030371587659691
    },
    "reader_batch8": {
      "lane_class": "amortized",
      "target_ratio_max": 1.10,
      "raw_checksum": 9999800000,
      "effect_checksum": 9999800000,
      "raw_sample_ns": [15283709,15194625,15155041,14951167,15229417],
      "effect_sample_ns": [14334,14417,14417,14375,14375],
      "raw_min_ns": 14823625,
      "raw_median_ns": 15155041,
      "raw_max_ns": 15283709,
      "effect_min_ns": 14250,
      "effect_median_ns": 14334,
      "effect_max_ns": 14417,
      "observed_ratio": 0.0009458239011033
    },
    "optional_return_now_micro": {
      "lane_class": "micro",
      "target_ratio_max": 1.50,
      "raw_checksum": 1250025000,
      "effect_checksum": 1250025000,
      "raw_sample_ns": [2688542,2903542,2806042,2700375,2710583],
      "effect_sample_ns": [3554667,3832166,3881666,3913625,3909750],
      "raw_min_ns": 2688542,
      "raw_median_ns": 2728750,
      "raw_max_ns": 2990083,
      "effect_min_ns": 3554667,
      "effect_median_ns": 3848416,
      "effect_max_ns": 3913625,
      "observed_ratio": 1.4103219422812643
    },
    "optional_return_now_prelude8": {
      "lane_class": "amortized",
      "target_ratio_max": 1.50,
      "raw_checksum": 1249975000,
      "effect_checksum": 1249975000,
      "raw_sample_ns": [2775125,2709833,2854667,2973541,2790084],
      "effect_sample_ns": [3677208,3596417,3813875,3907834,3771125],
      "raw_min_ns": 2709833,
      "raw_median_ns": 2747084,
      "raw_max_ns": 2973541,
      "effect_min_ns": 3596417,
      "effect_median_ns": 3813875,
      "effect_max_ns": 3907834,
      "observed_ratio": 1.3883357771367748
    },
    "optional_resume_with_micro": {
      "lane_class": "micro",
      "target_ratio_max": 1.25,
      "raw_checksum": 1250025000,
      "effect_checksum": 1250025000,
      "raw_sample_ns": [4764917,4798708,4624250,4569709,4763333],
      "effect_sample_ns": [5660291,5286792,5544417,5336125,5452916],
      "raw_min_ns": 4569709,
      "raw_median_ns": 4763333,
      "raw_max_ns": 4893625,
      "effect_min_ns": 5286792,
      "effect_median_ns": 5420625,
      "effect_max_ns": 5660291,
      "observed_ratio": 1.1379899326794913
    },
    "optional_resume_with_batch8": {
      "lane_class": "amortized",
      "target_ratio_max": 1.25,
      "raw_checksum": 11251575000,
      "effect_checksum": 11251575000,
      "raw_sample_ns": [4700792,4724833,4839708,4860334,4744209],
      "effect_sample_ns": [5465333,5406834,5382042,5361083,5352084],
      "raw_min_ns": 4596375,
      "raw_median_ns": 4744209,
      "raw_max_ns": 4873459,
      "effect_min_ns": 5352084,
      "effect_median_ns": 5406834,
      "effect_max_ns": 5569250,
      "observed_ratio": 1.1396702801246741
    },
    "exception_throw_micro": {
      "lane_class": "micro",
      "target_ratio_max": 1.30,
      "raw_checksum": 1250025000,
      "effect_checksum": 1250025000,
      "raw_sample_ns": [2715958,2886958,2881666,2684750,2674250],
      "effect_sample_ns": [3003250,3042666,3132750,3126292,3166625],
      "raw_min_ns": 2674250,
      "raw_median_ns": 2729375,
      "raw_max_ns": 2988125,
      "effect_min_ns": 3003250,
      "effect_median_ns": 3132750,
      "effect_max_ns": 3390583,
      "observed_ratio": 1.1477902450194641
    },
    "exception_throw_prelude8": {
      "lane_class": "amortized",
      "target_ratio_max": 1.25,
      "raw_checksum": 1249975000,
      "effect_checksum": 11251175000,
      "raw_sample_ns": [2785209,2696167,2852167,2788166,2807792],
      "effect_sample_ns": [3262833,3087792,3102292,3151792,3095041],
      "raw_min_ns": 2654875,
      "raw_median_ns": 2719000,
      "raw_max_ns": 2852167,
      "effect_min_ns": 3087792,
      "effect_median_ns": 3164917,
      "effect_max_ns": 3418166,
      "observed_ratio": 1.1640003677822730
    },
    "algebraic_transform_micro": {
      "lane_class": "micro",
      "target_ratio_max": 1.40,
      "raw_checksum": 1250025000,
      "effect_checksum": 1250025000,
      "raw_sample_ns": [4638333,4694416,4542666,4733750,4661000],
      "effect_sample_ns": [6153916,6117209,6145667,6107166,6099875],
      "raw_min_ns": 4542666,
      "raw_median_ns": 4694416,
      "raw_max_ns": 5040459,
      "effect_min_ns": 5903167,
      "effect_median_ns": 6117209,
      "effect_max_ns": 6221833,
      "observed_ratio": 1.3030820021063323
    },
    "algebraic_choice_return_now_micro": {
      "lane_class": "micro",
      "target_ratio_max": 1.65,
      "raw_checksum": 1250025000,
      "effect_checksum": 1250025000,
      "raw_sample_ns": [2759542,2732584,2712291,2723917,2865000],
      "effect_sample_ns": [4380375,3981000,4287375,4276041,4028709],
      "raw_min_ns": 2697333,
      "raw_median_ns": 2732584,
      "raw_max_ns": 3005292,
      "effect_min_ns": 3981000,
      "effect_median_ns": 4228042,
      "effect_max_ns": 4380375,
      "observed_ratio": 1.5472688122304750
    },
    "algebraic_abort_micro": {
      "lane_class": "investigation",
      "target_ratio_max": 1.60,
      "raw_checksum": 1250025000,
      "effect_checksum": 1250025000,
      "raw_sample_ns": [2755416,2786834,2703708,2731083,2729666],
      "effect_sample_ns": [3823000,4499834,4420959,4211250,4245584],
      "raw_min_ns": 2703708,
      "raw_median_ns": 2755416,
      "raw_max_ns": 2977833,
      "effect_min_ns": 3823000,
      "effect_median_ns": 4274417,
      "effect_max_ns": 4499834,
      "observed_ratio": 1.5512782824807578
    },
    "resource_normal_4": {
      "lane_class": "investigation",
      "target_ratio_max": 1.75,
      "raw_checksum": 20000100000,
      "effect_checksum": 20000100000,
      "raw_sample_ns": [1013875,1008500,1019458,1016250,1021917],
      "effect_sample_ns": [1666875,1668292,1740250,1682000,1738208],
      "raw_min_ns": 1008500,
      "raw_median_ns": 1015084,
      "raw_max_ns": 1021917,
      "effect_min_ns": 1638666,
      "effect_median_ns": 1681000,
      "effect_max_ns": 1740250,
      "observed_ratio": 1.6560205854884915
    },
    "resource_normal_32": {
      "lane_class": "investigation",
      "target_ratio_max": 2.10,
      "raw_checksum": 1280000800000,