{
  "artifact_schema_version": 2,
  "label": "effect_family_matrix_v2",
  "captured_at": "2026-03-14T18:09:03Z",
  "git_rev": "243a0516fb1048702f147eb68c25ab2e5c512cca",
  "repo_state": "clean",
  "host": {
    "uname": "Darwin timartiumai.local 25.4.0 Darwin Kernel Version 25.4.0: Thu Mar  5 22:43:42 PST 2026; root:xnu-12377.101.14~19/RELEASE_ARM64_T6020 arm64",
    "cpu": "Apple M2 Pro",
    "zig_version": "0.15.2"
  },
  "measurement_contract": {
    "command": "zig build bench-effect-matrix",
    "timed_iterations": 50000,
    "warmup_iterations": 20000,
    "samples_per_run": 5,
    "summary_stat": "median_ns from one warmed invocation"
  },
  "covered_families": ["state","reader","optional","exception","resource","writer"],
  "lane_classes": ["micro","amortized","investigation"],
  "uncovered_paths": ["resource_abortive_cleanup"],
  "lanes": {
    "state_micro": {
      "lane_class": "micro",
      "target_ratio_max": 1.05,
      "raw_checksum": 2500050000,
      "effect_checksum": 2500050000,
      "raw_sample_ns": [9300833,8978917,9297625,9214208,9200333],
      "effect_sample_ns": [23000,21458,21584,21416,21459],
      "raw_min_ns": 8978917,
      "raw_median_ns": 9214208,
      "raw_max_ns": 9300833,
      "effect_min_ns": 21416,
      "effect_median_ns": 21459,
      "effect_max_ns": 23000,
      "observed_ratio": 0.0023289033631539
    },
    "reader_micro": {
      "lane_class": "micro",
      "target_ratio_max": 1.15,
      "raw_checksum": 1250025000,
      "effect_checksum": 1250025000,
      "raw_sample_ns": [4918041,5077083,4915208,4944167,5066791],
      "effect_sample_ns": [14959,15042,14375,16417,14333],
      "raw_min_ns": 4915208,
      "raw_median_ns": 4944167,
      "raw_max_ns": 5077083,
      "effect_min_ns": 14333,
      "effect_median_ns": 14959,
      "effect_max_ns": 16417,
      "observed_ratio": 0.0030255855030787
    },
    "reader_batch8": {
      "lane_class": "amortized",
      "target_ratio_max": 1.10,
      "raw_checksum": 9999800000,
      "effect_checksum": 9999800000,
      "raw_sample_ns": [15704917,15893500,14975458,15143875,14923875],
      "effect_sample_ns": [16875,14417,14333,14334,14333],
      "raw_min_ns": 14923875,
      "raw_median_ns": 15143875,
      "raw_max_ns": 15893500,
      "effect_min_ns": 14333,
      "effect_median_ns": 14334,
      "effect_max_ns": 16875,
      "observed_ratio": 0.0009465212833571
    },
    "optional_return_now_micro": {
      "lane_class": "micro",
      "target_ratio_max": 1.50,
      "raw_checksum": 1250025000,
      "effect_checksum": 1250025000,
      "raw_sample_ns": [3227334,2896541,2871083,2936208,2955042],
      "effect_sample_ns": [4069291,3977792,3707167,3574292,3636000],
      "raw_min_ns": 2871083,
      "raw_median_ns": 2936208,
      "raw_max_ns": 3227334,
      "effect_min_ns": 3574292,
      "effect_median_ns": 3707167,
      "effect_max_ns": 4069291,
      "observed_ratio": 1.2625696135968569
    },
    "optional_return_now_prelude8": {
      "lane_class": "amortized",
      "target_ratio_max": 1.40,
      "raw_checksum": 1249975000,
      "effect_checksum": 1249975000,
      "raw_sample_ns": [3205167,3434458,2808291,2794541,2974375],
      "effect_sample_ns": [4176000,4410625,3575875,3605375,4058708],
      "raw_min_ns": 2794541,
      "raw_median_ns": 2974375,
      "raw_max_ns": 3434458,
      "effect_min_ns": 3575875,
      "effect_median_ns": 4058708,
      "effect_max_ns": 4410625,
      "observed_ratio": 1.3645582685438118
    },
    "optional_resume_with_micro": {
      "lane_class": "micro",
      "target_ratio_max": 1.25,
      "raw_checksum": 1250025000,
      "effect_checksum": 1250025000,
      "raw_sample_ns": [5284166,5131166,5015833,4938666,5087458],
      "effect_sample_ns": [6112250,5630708,5581708,5768875,5572584],
      "raw_min_ns": 4938666,
      "raw_median_ns": 5087458,
      "raw_max_ns": 5284166,
      "effect_min_ns": 5572584,
      "effect_median_ns": 5630708,
      "effect_max_ns": 6112250,
      "observed_ratio": 1.1067822083248648
    },
    "optional_resume_with_batch8": {
      "lane_class": "amortized",
      "target_ratio_max": 1.20,
      "raw_checksum": 11251575000,
      "effect_checksum": 11251575000,
      "raw_sample_ns": [5226958,5240167,4869666,4841709,5006958],
      "effect_sample_ns": [6116959,5799959,5531250,5632334,5687334],
      "raw_min_ns": 4841709,
      "raw_median_ns": 5006958,
      "raw_max_ns": 5240167,
      "effect_min_ns": 5531250,
      "effect_median_ns": 5687334,
      "effect_max_ns": 6116959,
      "observed_ratio": 1.1358861009019847
    },
    "exception_throw_micro": {
      "lane_class": "micro",
      "target_ratio_max": 1.30,
      "raw_checksum": 1250025000,
      "effect_checksum": 1250025000,
      "raw_sample_ns": [3020958,2711958,3056833,2934416,2809042],
      "effect_sample_ns": [3068166,3145625,3331708,3306167,3378917],
      "raw_min_ns": 2711958,
      "raw_median_ns": 2934416,
      "raw_max_ns": 3056833,
      "effect_min_ns": 3068166,
      "effect_median_ns": 3306167,
      "effect_max_ns": 3378917,
      "observed_ratio": 1.1266865366055800
    },
    "exception_throw_prelude8": {
      "lane_class": "amortized",
      "target_ratio_max": 1.25,
      "raw_checksum": 1249975000,
      "effect_checksum": 11251175000,
      "raw_sample_ns": [2776542,2729250,2814208,2866250,3009709],
      "effect_sample_ns": [3450166,3057334,3094167,3304041,3342709],
      "raw_min_ns": 2729250,
      "raw_median_ns": 2814208,
      "raw_max_ns": 3009709,
      "effect_min_ns": 3057334,
      "effect_median_ns": 3304041,
      "effect_max_ns": 3450166,
      "observed_ratio": 1.1740571414763941
    },
    "resource_normal_4": {
      "lane_class": "investigation",
      "target_ratio_max": 16.00,
      "raw_checksum": 20000100000,
      "effect_checksum": 20000100000,
      "raw_sample_ns": [1130000,1030083,1024791,1064042,1072584],
      "effect_sample_ns": [1772541,1649958,1648875,1672167,1728417],
      "raw_min_ns": 1024791,
      "raw_median_ns": 1064042,
      "raw_max_ns": 1130000,
      "effect_min_ns": 1648875,
      "effect_median_ns": 1672167,
      "effect_max_ns": 1772541,
      "observed_ratio": 1.5715234924937174
    },
    "resource_normal_32": {
      "lane_class": "investigation",
      "target_ratio_max": 50.00,
      "raw_checksum": 1280000800000,
      "effect_checksum": 1280000800000,
      "raw_sample_ns": [2055792,1901625,1947041,1908250,1998500],
      "effect_sample_ns": [3973417,3694000,3696250,3781917,3867666],
      "raw_min_ns": 1901625,
      "raw_median_ns": 1947041,
      "raw_max_ns": 2055792,
      "effect_min_ns": 3694000,
      "effect_median_ns": 3781917,
      "effect_max_ns": 3973417,
      "observed_ratio": 1.9423920708398026
    },
    "writer_micro": {
      "lane_class": "micro",
      "target_ratio_max": 30.00,
      "raw_checksum": 100000,
      "effect_checksum": 100000,
      "raw_sample_ns": [1633542,1465084,1463041,1541458,1529375],
      "effect_sample_ns": [987666,938084,996917,939708,1000791],
      "raw_min_ns": 1463041,
      "raw_median_ns": 1529375,
      "raw_max_ns": 1633542,
      "effect_min_ns": 938084,
      "effect_median_ns": 987666,
      "effect_max_ns": 1000791,
      "observed_ratio": 0.6457971393543114
    },
    "writer_batch16": {
      "lane_class": "investigation",
      "target_ratio_max": 20.00,
      "raw_checksum": 7600000,
      "effect_checksum": 7600000,
      "raw_sample_ns": [2238917,2202875,2220250,2128834,2223792],
      "effect_sample_ns": [2600000,2614209,2579375,2610500,2672791],
      "raw_min_ns": 2128834,
      "raw_median_ns": 2220250,
      "raw_max_ns": 2238917,
      "effect_min_ns": 2579375,
      "effect_median_ns": 2610500,
      "effect_max_ns": 2672791,
      "observed_ratio": 1.1757684945389033
    },
    "writer_batch64": {
      "lane_class": "investigation",
      "target_ratio_max": 20.00,
      "raw_checksum": 107200000,
      "effect_checksum": 107200000,