{
  "artifact_schema_version": 2,
  "label": "effect_family_matrix_v2",
  "captured_at": "2026-03-14T17:49:30Z",
  "git_rev": "5cbcc4850410703b5150b01b3cb4d9079cac3e3d",
  "repo_state": "clean",
  "host": {
    "uname": "Darwin timartiumai.local 25.4.0 Darwin Kernel Version 25.4.0: Thu Mar  5 22:43:42 PST 2026; root:xnu-12377.101.14~19/RELEASE_ARM64_T6020 arm64",
    "cpu": "Apple M2 Pro",
    "zig_version": "0.15.2"
  },
  "measurement_contract": {
    "command": "zig build bench-effect-matrix",
    "timed_iterations": 50000,
    "warmup_iterations": 20000,
    "samples_per_run": 5,
    "summary_stat": "median_ns from one warmed invocation"
  },
  "covered_families": ["state","reader","optional","exception","resource","writer"],
  "lane_classes": ["micro","amortized","investigation"],
  "uncovered_paths": ["resource_abortive_cleanup"],
  "lanes": {
    "state_micro": {
      "lane_class": "micro",
      "target_ratio_max": 1.05,
      "raw_checksum": 2500050000,
      "effect_checksum": 2500050000,
      "raw_sample_ns": [8904584,9418708,9175417,9106875,9244125],
      "effect_sample_ns": [3365125,3708000,3633333,3271417,3572542],
      "raw_min_ns": 8904584,
      "raw_median_ns": 9175417,
      "raw_max_ns": 9418708,
      "effect_min_ns": 3271417,
      "effect_median_ns": 3572542,
      "effect_max_ns": 3708000,
      "observed_ratio": 0.3893601783984314
    },
    "reader_micro": {
      "lane_class": "micro",
      "target_ratio_max": 1.15,
      "raw_checksum": 1250025000,
      "effect_checksum": 1250025000,
      "raw_sample_ns": [4821000,5220666,4774000,4618000,4801709],
      "effect_sample_ns": [3314083,3253542,3167833,3205833,3487125],
      "raw_min_ns": 4618000,
      "raw_median_ns": 4801709,
      "raw_max_ns": 5220666,
      "effect_min_ns": 3167833,
      "effect_median_ns": 3253542,
      "effect_max_ns": 3487125,
      "observed_ratio": 0.6775800032863299
    },
    "reader_batch8": {
      "lane_class": "amortized",
      "target_ratio_max": 1.10,
      "raw_checksum": 9999800000,
      "effect_checksum": 9999800000,
      "raw_sample_ns": [14654250,15195334,15140834,14734458,15478833],
      "effect_sample_ns": [3327500,3420667,3326334,3201917,3195958],
      "raw_min_ns": 14654250,
      "raw_median_ns": 15140834,
      "raw_max_ns": 15478833,
      "effect_min_ns": 3195958,
      "effect_median_ns": 3326334,
      "effect_max_ns": 3420667,
      "observed_ratio": 0.2196929178405892
    },
    "optional_return_now_micro": {
      "lane_class": "micro",
      "target_ratio_max": 1.50,
      "raw_checksum": 1250025000,
      "effect_checksum": 1250025000,
      "raw_sample_ns": [3053333,2827375,2887750,3136042,3023000],
      "effect_sample_ns": [3927250,4019709,4045167,4577708,3705416],
      "raw_min_ns": 2827375,
      "raw_median_ns": 3023000,
      "raw_max_ns": 3136042,
      "effect_min_ns": 3705416,
      "effect_median_ns": 4019709,
      "effect_max_ns": 4577708,
      "observed_ratio": 1.3297085676480318
    },
    "optional_return_now_prelude8": {
      "lane_class": "amortized",
      "target_ratio_max": 1.40,
      "raw_checksum": 1249975000,
      "effect_checksum": 1249975000,
      "raw_sample_ns": [2905250,2775500,3156250,2927125,2948750],
      "effect_sample_ns": [3989959,3628375,3832916,3709792,3893791],
      "raw_min_ns": 2775500,
      "raw_median_ns": 2927125,
      "raw_max_ns": 3156250,
      "effect_min_ns": 3628375,
      "effect_median_ns": 3832916,
      "effect_max_ns": 3989959,
      "observed_ratio": 1.3094473245932443
    },
    "optional_resume_with_micro": {
      "lane_class": "micro",
      "target_ratio_max": 1.25,
      "raw_checksum": 1250025000,
      "effect_checksum": 1250025000,
      "raw_sample_ns": [4765459,4670084,4632250,5358208,4848250],
      "effect_sample_ns": [5714500,5454667,5333750,5946708,5647708],
      "raw_min_ns": 4632250,
      "raw_median_ns": 4765459,
      "raw_max_ns": 5358208,
      "effect_min_ns": 5333750,
      "effect_median_ns": 5647708,
      "effect_max_ns": 5946708,
      "observed_ratio": 1.1851341077533140
    },
    "optional_resume_with_batch8": {
      "lane_class": "amortized",
      "target_ratio_max": 1.20,
      "raw_checksum": 11251575000,
      "effect_checksum": 11251575000,
      "raw_sample_ns": [4847041,4761833,4914250,4889500,4687000],
      "effect_sample_ns": [5430667,5548708,5492833,5724625,5514250],
      "raw_min_ns": 4687000,
      "raw_median_ns": 4847041,
      "raw_max_ns": 4914250,
      "effect_min_ns": 5430667,
      "effect_median_ns": 5514250,
      "effect_max_ns": 5724625,
      "observed_ratio": 1.1376528484079256
    },
    "exception_throw_micro": {
      "lane_class": "micro",
      "target_ratio_max": 1.30,
      "raw_checksum": 1250025000,
      "effect_checksum": 1250025000,
      "raw_sample_ns": [3057750,3031042,2718917,2794167,2800125],
      "effect_sample_ns": [3411459,3349042,3113166,3141791,3080208],
      "raw_min_ns": 2718917,
      "raw_median_ns": 2800125,
      "raw_max_ns": 3057750,
      "effect_min_ns": 3080208,
      "effect_median_ns": 3141791,
      "effect_max_ns": 3411459,
      "observed_ratio": 1.1220181241908844
    },
    "exception_throw_prelude8": {
      "lane_class": "amortized",
      "target_ratio_max": 1.25,
      "raw_checksum": 1249975000,
      "effect_checksum": 11251175000,
      "raw_sample_ns": [2954875,2672917,2745167,2896958,2830708],
      "effect_sample_ns": [3307417,3058833,3070791,3463917,3166458],
      "raw_min_ns": 2672917,
      "raw_median_ns": 2830708,
      "raw_max_ns": 2954875,
      "effect_min_ns": 3058833,
      "effect_median_ns": 3166458,
      "effect_max_ns": 3463917,
      "observed_ratio": 1.1186099025402831
    },
    "resource_normal_4": {
      "lane_class": "investigation",
      "target_ratio_max": 16.00,
      "raw_checksum": 20000100000,
      "effect_checksum": 20000100000,
      "raw_sample_ns": [1062083,1040625,1054083,1097000,1031334],
      "effect_sample_ns": [5389875,5559542,5336667,5401167,5374083],
      "raw_min_ns": 1031334,
      "raw_median_ns": 1054083,
      "raw_max_ns": 1097000,
      "effect_min_ns": 5336667,
      "effect_median_ns": 5389875,
      "effect_max_ns": 5559542,
      "observed_ratio": 5.1133307339175378
    },
    "resource_normal_32": {
      "lane_class": "investigation",
      "target_ratio_max": 50.00,
      "raw_checksum": 1280000800000,
      "effect_checksum": 1280000800000,
      "raw_sample_ns": [1965333,2143250,1936375,1962708,2030916],
      "effect_sample_ns": [11106333,11424000,10733500,11142833,10775917],
      "raw_min_ns": 1936375,
      "raw_median_ns": 1965333,
      "raw_max_ns": 2143250,
      "effect_min_ns": 10733500,
      "effect_median_ns": 11106333,
      "effect_max_ns": 11424000,
      "observed_ratio": 5.6511201918453517
    },
    "writer_micro": {
      "lane_class": "micro",
      "target_ratio_max": 30.00,
      "raw_checksum": 100000,
      "effect_checksum": 100000,
      "raw_sample_ns": [1507208,1620042,1534291,1538125,1524250],
      "effect_sample_ns": [5948333,5961583,5942042,5387042,5473333],
      "raw_min_ns": 1507208,
      "raw_median_ns": 1534291,
      "raw_max_ns": 1620042,
      "effect_min_ns": 5387042,
      "effect_median_ns": 5942042,
      "effect_max_ns": 5961583,
      "observed_ratio": 3.8728259502271731
    },
    "writer_batch16": {
      "lane_class": "investigation",
      "target_ratio_max": 20.00,
      "raw_checksum": 7600000,
      "effect_checksum": 7600000,
      "raw_sample_ns": [1995459,2119834,2029333,2017792,1980292],
      "effect_sample_ns": [7325125,7315417,7509791,7218500,7299042],
      "raw_min_ns": 1980292,
      "raw_median_ns": 2017792,
      "raw_max_ns": 2119834,
      "effect_min_ns": 7218500,
      "effect_median_ns": 7315417,
      "effect_max_ns": 7509791,
      "observed_ratio": 3.6254564395140827
    },
    "writer_batch64": {
      "lane_class": "investigation",
      "target_ratio_max": 20.00,