{
  "artifact_schema_version": 2,
  "label": "effect_family_matrix_v2",
  "captured_at": "2026-03-14T18:59:40Z",
  "git_rev": "89820ccbcb067f85e7f8861424717aa43aa0b550",
  "repo_state": "clean",
  "host": {
    "uname": "Darwin timartiumai.local 25.4.0 Darwin Kernel Version 25.4.0: Thu Mar  5 22:43:42 PST 2026; root:xnu-12377.101.14~19/RELEASE_ARM64_T6020 arm64",
    "cpu": "Apple M2 Pro",
    "zig_version": "0.15.2"
  },
  "measurement_contract": {
    "command": "zig build bench-effect-matrix",
    "timed_iterations": 50000,
    "warmup_iterations": 20000,
    "samples_per_run": 5,
    "summary_stat": "median_ns from one warmed invocation"
  },
  "covered_families": ["state","reader","optional","exception","resource","writer"],
  "lane_classes": ["micro","amortized","investigation"],
  "uncovered_paths": ["resource_abortive_cleanup"],
  "lanes": {
    "state_micro": {
      "lane_class": "micro",
      "target_ratio_max": 1.05,
      "raw_checksum": 2500050000,
      "effect_checksum": 2500050000,
      "raw_sample_ns": [9402041,9577584,8919417,8809792,8866208],
      "effect_sample_ns": [22333,22584,21459,21459,21500],
      "raw_min_ns": 8809792,
      "raw_median_ns": 8919417,
      "raw_max_ns": 9577584,
      "effect_min_ns": 21459,
      "effect_median_ns": 21500,
      "effect_max_ns": 22584,
      "observed_ratio": 0.0024104714467324
    },
    "reader_micro": {
      "lane_class": "micro",
      "target_ratio_max": 1.15,
      "raw_checksum": 1250025000,
      "effect_checksum": 1250025000,
      "raw_sample_ns": [4976292,5075417,4628709,4696541,4694625],
      "effect_sample_ns": [14917,14916,14334,14875,14375],
      "raw_min_ns": 4628709,
      "raw_median_ns": 4696541,
      "raw_max_ns": 5075417,
      "effect_min_ns": 14334,
      "effect_median_ns": 14875,
      "effect_max_ns": 14917,
      "observed_ratio": 0.0031672245595216
    },
    "reader_batch8": {
      "lane_class": "amortized",
      "target_ratio_max": 1.10,
      "raw_checksum": 9999800000,
      "effect_checksum": 9999800000,
      "raw_sample_ns": [15231333,15438083,14638209,14575667,14459750],
      "effect_sample_ns": [15000,14916,14334,14292,14292],
      "raw_min_ns": 14459750,
      "raw_median_ns": 14638209,
      "raw_max_ns": 15438083,
      "effect_min_ns": 14292,
      "effect_median_ns": 14334,
      "effect_max_ns": 15000,
      "observed_ratio": 0.0009792181543521
    },
    "optional_return_now_micro": {
      "lane_class": "micro",
      "target_ratio_max": 1.50,
      "raw_checksum": 1250025000,
      "effect_checksum": 1250025000,
      "raw_sample_ns": [3183750,3083375,3160917,3279375,3181666],
      "effect_sample_ns": [3889625,4065083,3802041,3893459,3730459],
      "raw_min_ns": 3083375,
      "raw_median_ns": 3181666,
      "raw_max_ns": 3279375,
      "effect_min_ns": 3730459,
      "effect_median_ns": 3889625,
      "effect_max_ns": 4065083,
      "observed_ratio": 1.2225120424331153
    },
    "optional_return_now_prelude8": {
      "lane_class": "amortized",
      "target_ratio_max": 1.40,
      "raw_checksum": 1249975000,
      "effect_checksum": 1249975000,
      "raw_sample_ns": [3515291,3441792,3009250,2963875,2984958],
      "effect_sample_ns": [4589542,4094167,3925667,3892375,3886458],
      "raw_min_ns": 2963875,
      "raw_median_ns": 3009250,
      "raw_max_ns": 3515291,
      "effect_min_ns": 3886458,
      "effect_median_ns": 3925667,
      "effect_max_ns": 4589542,
      "observed_ratio": 1.3045333554872476
    },
    "optional_resume_with_micro": {
      "lane_class": "micro",
      "target_ratio_max": 1.25,
      "raw_checksum": 1250025000,
      "effect_checksum": 1250025000,
      "raw_sample_ns": [5078708,4945375,4878459,4900250,4853083],
      "effect_sample_ns": [6209583,5521125,5454625,5382959,5348500],
      "raw_min_ns": 4853083,
      "raw_median_ns": 4900250,
      "raw_max_ns": 5078708,
      "effect_min_ns": 5348500,
      "effect_median_ns": 5454625,
      "effect_max_ns": 6209583,
      "observed_ratio": 1.1131319830620887
    },
    "optional_resume_with_batch8": {
      "lane_class": "amortized",
      "target_ratio_max": 1.20,
      "raw_checksum": 11251575000,
      "effect_checksum": 11251575000,
      "raw_sample_ns": [4967958,4541875,4591500,4888666,4675792],
      "effect_sample_ns": [5931958,5278709,5349375,5334125,5342833],
      "raw_min_ns": 4541875,
      "raw_median_ns": 4675792,
      "raw_max_ns": 4967958,
      "effect_min_ns": 5278709,
      "effect_median_ns": 5342833,
      "effect_max_ns": 5931958,
      "observed_ratio": 1.1426583988338233
    },
    "exception_throw_micro": {
      "lane_class": "micro",
      "target_ratio_max": 1.30,
      "raw_checksum": 1250025000,
      "effect_checksum": 1250025000,
      "raw_sample_ns": [3122042,3003709,2987416,3011750,2887875],
      "effect_sample_ns": [3737625,3349500,3299834,3284375,3252917],
      "raw_min_ns": 2887875,
      "raw_median_ns": 3003709,
      "raw_max_ns": 3122042,
      "effect_min_ns": 3252917,
      "effect_median_ns": 3299834,
      "effect_max_ns": 3737625,
      "observed_ratio": 1.0985864476219234
    },
    "exception_throw_prelude8": {
      "lane_class": "amortized",
      "target_ratio_max": 1.15,
      "raw_checksum": 1249975000,
      "effect_checksum": 11251175000,
      "raw_sample_ns": [3382333,2943208,2973708,2956500,2963417],
      "effect_sample_ns": [3487917,3161542,3187291,3228833,3204666],
      "raw_min_ns": 2943208,
      "raw_median_ns": 2963417,
      "raw_max_ns": 3382333,
      "effect_min_ns": 3161542,
      "effect_median_ns": 3204666,
      "effect_max_ns": 3487917,
      "observed_ratio": 1.0814090625787731
    },
    "resource_normal_4": {
      "lane_class": "investigation",
      "target_ratio_max": 1.75,
      "raw_checksum": 20000100000,
      "effect_checksum": 20000100000,
      "raw_sample_ns": [1133041,1032625,1029583,1033084,1032959],
      "effect_sample_ns": [1823708,1625333,1637500,1646750,1660791],
      "raw_min_ns": 1029583,
      "raw_median_ns": 1032959,
      "raw_max_ns": 1133041,
      "effect_min_ns": 1625333,
      "effect_median_ns": 1646750,
      "effect_max_ns": 1823708,
      "observed_ratio": 1.5942065464360153
    },
    "resource_normal_32": {
      "lane_class": "investigation",
      "target_ratio_max": 2.10,
      "raw_checksum": 1280000800000,
      "effect_checksum": 1280000800000,
      "raw_sample_ns": [2082625,1939250,1926000,1956000,1965167],
      "effect_sample_ns": [3947834,3589542,3647000,3647250,3586125],
      "raw_min_ns": 1926000,
      "raw_median_ns": 1956000,
      "raw_max_ns": 2082625,
      "effect_min_ns": 3586125,
      "effect_median_ns": 3647000,
      "effect_max_ns": 3947834,
      "observed_ratio": 1.8645194274028629
    },
    "writer_micro": {
      "lane_class": "micro",
      "target_ratio_max": 1.00,
      "raw_checksum": 100000,
      "effect_checksum": 100000,
      "raw_sample_ns": [1569709,1509291,1466084,1521209,1472583],
      "effect_sample_ns": [1042167,953042,950167,930708,949584],
      "raw_min_ns": 1466084,
      "raw_median_ns": 1509291,
      "raw_max_ns": 1569709,
      "effect_min_ns": 930708,
      "effect_median_ns": 950167,
      "effect_max_ns": 1042167,
      "observed_ratio": 0.6295452633057509
    },
    "writer_batch16": {
      "lane_class": "investigation",
      "target_ratio_max": 1.35,
      "raw_checksum": 7600000,
      "effect_checksum": 7600000,
      "raw_sample_ns": [2272709,2097500,2088375,2107042,2101541],
      "effect_sample_ns": [2982000,2765208,2754625,2769708,2767459],
      "raw_min_ns": 2088375,
      "raw_median_ns": 2101541,
      "raw_max_ns": 2272709,
      "effect_min_ns": 2754625,
      "effect_median_ns": 2767459,
      "effect_max_ns": 2982000,
      "observed_ratio": 1.3168712863560597
    },
    "writer_batch64": {
      "lane_class": "investigation",
      "target_ratio_max": 2.00,
      "raw_checksum": 107200000,
      "effect_checksum": 107200000,