{
  "artifact_schema_version": 2,
  "label": "effect_family_matrix_v2",
  "captured_at": "2026-03-14T18:02:37Z",
  "git_rev": "c5b4e74a31db69fcf88d0ff44b314233c843c1cf",
  "repo_state": "clean",
  "host": {
    "uname": "Darwin timartiumai.local 25.4.0 Darwin Kernel Version 25.4.0: Thu Mar  5 22:43:42 PST 2026; root:xnu-12377.101.14~19/RELEASE_ARM64_T6020 arm64",
    "cpu": "Apple M2 Pro",
    "zig_version": "0.15.2"
  },
  "measurement_contract": {
    "command": "zig build bench-effect-matrix",
    "timed_iterations": 50000,
    "warmup_iterations": 20000,
    "samples_per_run": 5,
    "summary_stat": "median_ns from one warmed invocation"
  },
  "covered_families": ["state","reader","optional","exception","resource","writer"],
  "lane_classes": ["micro","amortized","investigation"],
  "uncovered_paths": ["resource_abortive_cleanup"],
  "lanes": {
    "state_micro": {
      "lane_class": "micro",
      "target_ratio_max": 1.05,
      "raw_checksum": 2500050000,
      "effect_checksum": 2500050000,
      "raw_sample_ns": [9646791,8851000,9569292,9370167,9133875],
      "effect_sample_ns": [21500,22458,21417,21500,21542],
      "raw_min_ns": 8851000,
      "raw_median_ns": 9370167,
      "raw_max_ns": 9646791,
      "effect_min_ns": 21417,
      "effect_median_ns": 21500,
      "effect_max_ns": 22458,
      "observed_ratio": 0.0022945162023260
    },
    "reader_micro": {
      "lane_class": "micro",
      "target_ratio_max": 1.15,
      "raw_checksum": 1250025000,
      "effect_checksum": 1250025000,
      "raw_sample_ns": [5011750,4759209,4859958,4859083,4626667],
      "effect_sample_ns": [14459,15458,14333,14291,14333],
      "raw_min_ns": 4626667,
      "raw_median_ns": 4859083,
      "raw_max_ns": 5011750,
      "effect_min_ns": 14291,
      "effect_median_ns": 14333,
      "effect_max_ns": 15458,
      "observed_ratio": 0.0029497335196785
    },
    "reader_batch8": {
      "lane_class": "amortized",
      "target_ratio_max": 1.10,
      "raw_checksum": 9999800000,
      "effect_checksum": 9999800000,
      "raw_sample_ns": [16481875,16231709,15873000,17127333,17212458],
      "effect_sample_ns": [14375,14375,14958,14333,14959],
      "raw_min_ns": 15873000,
      "raw_median_ns": 16481875,
      "raw_max_ns": 17212458,
      "effect_min_ns": 14333,
      "effect_median_ns": 14375,
      "effect_max_ns": 14959,
      "observed_ratio": 0.0008721701869478
    },
    "optional_return_now_micro": {
      "lane_class": "micro",
      "target_ratio_max": 1.50,
      "raw_checksum": 1250025000,
      "effect_checksum": 1250025000,
      "raw_sample_ns": [2905167,2803541,2972542,2957375,2854875],
      "effect_sample_ns": [4020625,3936917,3967209,3668542,3890833],
      "raw_min_ns": 2803541,
      "raw_median_ns": 2905167,
      "raw_max_ns": 2972542,
      "effect_min_ns": 3668542,
      "effect_median_ns": 3936917,
      "effect_max_ns": 4020625,
      "observed_ratio": 1.3551430950441059
    },
    "optional_return_now_prelude8": {
      "lane_class": "amortized",
      "target_ratio_max": 1.40,
      "raw_checksum": 1249975000,
      "effect_checksum": 1249975000,
      "raw_sample_ns": [2779041,2880250,2816459,2703458,2835375],
      "effect_sample_ns": [3811250,4013459,3912291,3636084,3673958],
      "raw_min_ns": 2703458,
      "raw_median_ns": 2816459,
      "raw_max_ns": 2880250,
      "effect_min_ns": 3636084,
      "effect_median_ns": 3811250,
      "effect_max_ns": 4013459,
      "observed_ratio": 1.3532062778119618
    },
    "optional_resume_with_micro": {
      "lane_class": "micro",
      "target_ratio_max": 1.25,
      "raw_checksum": 1250025000,
      "effect_checksum": 1250025000,
      "raw_sample_ns": [5006750,4861375,4732083,4742958,4727125],
      "effect_sample_ns": [6060667,5415459,5445459,5472791,5487250],
      "raw_min_ns": 4727125,
      "raw_median_ns": 4742958,
      "raw_max_ns": 5006750,
      "effect_min_ns": 5415459,
      "effect_median_ns": 5472791,
      "effect_max_ns": 6060667,
      "observed_ratio": 1.1538771795997351
    },
    "optional_resume_with_batch8": {
      "lane_class": "amortized",
      "target_ratio_max": 1.20,
      "raw_checksum": 11251575000,
      "effect_checksum": 11251575000,
      "raw_sample_ns": [5100583,4734250,4790709,4505833,4653958],
      "effect_sample_ns": [5775292,5559791,5378375,5465500,5458292],
      "raw_min_ns": 4505833,
      "raw_median_ns": 4734250,
      "raw_max_ns": 5100583,
      "effect_min_ns": 5378375,
      "effect_median_ns": 5465500,
      "effect_max_ns": 5775292,
      "observed_ratio": 1.1544595236837936
    },
    "exception_throw_micro": {
      "lane_class": "micro",
      "target_ratio_max": 1.30,
      "raw_checksum": 1250025000,
      "effect_checksum": 1250025000,
      "raw_sample_ns": [3076583,2872417,2718000,2693875,2848541],
      "effect_sample_ns": [3407083,3225042,3251334,3157375,3486750],
      "raw_min_ns": 2693875,
      "raw_median_ns": 2848541,
      "raw_max_ns": 3076583,
      "effect_min_ns": 3157375,
      "effect_median_ns": 3251334,
      "effect_max_ns": 3486750,
      "observed_ratio": 1.1414032657420061
    },
    "exception_throw_prelude8": {
      "lane_class": "amortized",
      "target_ratio_max": 1.25,
      "raw_checksum": 1249975000,
      "effect_checksum": 11251175000,
      "raw_sample_ns": [3063125,2947792,2775959,2831333,2728125],
      "effect_sample_ns": [3561500,3062917,3123541,3282042,3136708],
      "raw_min_ns": 2728125,
      "raw_median_ns": 2831333,
      "raw_max_ns": 3063125,
      "effect_min_ns": 3062917,
      "effect_median_ns": 3136708,
      "effect_max_ns": 3561500,
      "observed_ratio": 1.1078555577885045
    },
    "resource_normal_4": {
      "lane_class": "investigation",
      "target_ratio_max": 16.00,
      "raw_checksum": 20000100000,
      "effect_checksum": 20000100000,
      "raw_sample_ns": [1117416,1030417,1022792,1034458,1076042],
      "effect_sample_ns": [1772458,1673041,1606417,1632417,1624375],
      "raw_min_ns": 1022792,
      "raw_median_ns": 1034458,
      "raw_max_ns": 1117416,
      "effect_min_ns": 1606417,
      "effect_median_ns": 1632417,
      "effect_max_ns": 1772458,
      "observed_ratio": 1.5780408677781022
    },
    "resource_normal_32": {
      "lane_class": "investigation",
      "target_ratio_max": 50.00,
      "raw_checksum": 1280000800000,
      "effect_checksum": 1280000800000,
      "raw_sample_ns": [2038125,2014417,1922167,2038541,1989667],
      "effect_sample_ns": [3986042,3796875,3772584,3686791,3735792],
      "raw_min_ns": 1922167,
      "raw_median_ns": 2014417,
      "raw_max_ns": 2038541,
      "effect_min_ns": 3686791,
      "effect_median_ns": 3772584,
      "effect_max_ns": 3986042,
      "observed_ratio": 1.8727919790192398
    },
    "writer_micro": {
      "lane_class": "micro",
      "target_ratio_max": 30.00,
      "raw_checksum": 100000,
      "effect_checksum": 100000,
      "raw_sample_ns": [1648083,1535833,1614542,1521209,1546417],
      "effect_sample_ns": [2446083,2295208,2319250,2338250,2271083],
      "raw_min_ns": 1521209,
      "raw_median_ns": 1546417,
      "raw_max_ns": 1648083,
      "effect_min_ns": 2271083,
      "effect_median_ns": 2319250,
      "effect_max_ns": 2446083,
      "observed_ratio": 1.4997571806310976
    },
    "writer_batch16": {
      "lane_class": "investigation",
      "target_ratio_max": 20.00,
      "raw_checksum": 7600000,
      "effect_checksum": 7600000,
      "raw_sample_ns": [2129542,2092000,2019083,1999667,2013625],
      "effect_sample_ns": [3842042,3678791,3521417,3684125,3676000],
      "raw_min_ns": 1999667,
      "raw_median_ns": 2019083,
      "raw_max_ns": 2129542,
      "effect_min_ns": 3521417,
      "effect_median_ns": 3678791,
      "effect_max_ns": 3842042,
      "observed_ratio": 1.8220107841034767
    },
    "writer_batch64": {
      "lane_class": "investigation",
      "target_ratio_max": 20.00,
      "raw_checksum": 107200000,
      "effect_checksum": 107200000,