{
  "artifact_schema_version": 2,
  "label": "effect_family_matrix_v2",
  "captured_at": "2026-03-14T23:12:11Z",
  "git_rev": "761ba14985ace1e47914982a61ea8211a2b534b8",
  "repo_state": "clean",
  "host": {
    "uname": "Darwin timartiumai.local 25.4.0 Darwin Kernel Version 25.4.0: Thu Mar  5 22:43:42 PST 2026; root:xnu-12377.101.14~19/RELEASE_ARM64_T6020 arm64",
    "cpu": "Apple M2 Pro",
    "zig_version": "0.15.2"
  },
  "measurement_contract": {
    "command": "zig build bench-effect-matrix",
    "timed_iterations": 50000,
    "warmup_iterations": 20000,
    "samples_per_run": 5,
    "summary_stat": "median_ns from one warmed invocation"
  },
  "covered_families": ["state","reader","optional","exception","resource","writer"],
  "lane_classes": ["micro","amortized","investigation"],
  "uncovered_paths": ["resource_abortive_cleanup"],
  "lanes": {
    "state_micro": {
      "lane_class": "micro",
      "target_ratio_max": 1.05,
      "raw_checksum": 2500050000,
      "effect_checksum": 2500050000,
      "raw_sample_ns": [8958208,8829042,8936208,9031000,8955792],
      "effect_sample_ns": [22333,21500,21459,21458,21417],
      "raw_min_ns": 8829042,
      "raw_median_ns": 8955792,
      "raw_max_ns": 9031000,
      "effect_min_ns": 21417,
      "effect_median_ns": 21459,
      "effect_max_ns": 22333,
      "observed_ratio": 0.0023961029912262
    },
    "reader_micro": {
      "lane_class": "micro",
      "target_ratio_max": 1.15,
      "raw_checksum": 1250025000,
      "effect_checksum": 1250025000,
      "raw_sample_ns": [5029542,4853417,4986541,4925334,4924708],
      "effect_sample_ns": [14334,14375,14333,14334,14333],
      "raw_min_ns": 4853417,
      "raw_median_ns": 4925334,
      "raw_max_ns": 5029542,
      "effect_min_ns": 14333,
      "effect_median_ns": 14334,
      "effect_max_ns": 14375,
      "observed_ratio": 0.0029102594869708
    },
    "reader_batch8": {
      "lane_class": "amortized",
      "target_ratio_max": 1.10,
      "raw_checksum": 9999800000,
      "effect_checksum": 9999800000,
      "raw_sample_ns": [14759834,14910084,14815833,14889625,14851209],
      "effect_sample_ns": [14375,14333,14334,14292,14375],
      "raw_min_ns": 14759834,
      "raw_median_ns": 14851209,
      "raw_max_ns": 14910084,
      "effect_min_ns": 14292,
      "effect_median_ns": 14334,
      "effect_max_ns": 14375,
      "observed_ratio": 0.0009651739464444
    },
    "optional_return_now_micro": {
      "lane_class": "micro",
      "target_ratio_max": 1.50,
      "raw_checksum": 1250025000,
      "effect_checksum": 1250025000,
      "raw_sample_ns": [2925709,2679541,2711625,2914333,2674333],
      "effect_sample_ns": [3887208,3875917,3698000,3946458,3907500],
      "raw_min_ns": 2674333,
      "raw_median_ns": 2711625,
      "raw_max_ns": 2925709,
      "effect_min_ns": 3698000,
      "effect_median_ns": 3887208,
      "effect_max_ns": 3946458,
      "observed_ratio": 1.4335345042179506
    },
    "optional_return_now_prelude8": {
      "lane_class": "amortized",
      "target_ratio_max": 1.50,
      "raw_checksum": 1249975000,
      "effect_checksum": 1249975000,
      "raw_sample_ns": [2826250,2935916,2674959,2932709,2973375],
      "effect_sample_ns": [3666958,3870500,3785000,3926166,3932167],
      "raw_min_ns": 2674959,
      "raw_median_ns": 2932709,
      "raw_max_ns": 2973375,
      "effect_min_ns": 3666958,
      "effect_median_ns": 3870500,
      "effect_max_ns": 3932167,
      "observed_ratio": 1.3197695373117482
    },
    "optional_resume_with_micro": {
      "lane_class": "micro",
      "target_ratio_max": 1.25,
      "raw_checksum": 1250025000,
      "effect_checksum": 1250025000,
      "raw_sample_ns": [4966916,4841750,4789000,4907167,5131750],
      "effect_sample_ns": [5659292,5418292,5308542,5361292,5554041],
      "raw_min_ns": 4789000,
      "raw_median_ns": 4907167,
      "raw_max_ns": 5131750,
      "effect_min_ns": 5308542,
      "effect_median_ns": 5418292,
      "effect_max_ns": 5659292,
      "observed_ratio": 1.1041588761906820
    },
    "optional_resume_with_batch8": {
      "lane_class": "amortized",
      "target_ratio_max": 1.25,
      "raw_checksum": 11251575000,
      "effect_checksum": 11251575000,
      "raw_sample_ns": [4972458,4662083,4641250,4907333,4722250],
      "effect_sample_ns": [5530958,5359708,5478208,5513917,5390083],
      "raw_min_ns": 4641250,
      "raw_median_ns": 4722250,
      "raw_max_ns": 4972458,
      "effect_min_ns": 5359708,
      "effect_median_ns": 5478208,
      "effect_max_ns": 5530958,
      "observed_ratio": 1.1600842818571655
    },
    "exception_throw_micro": {
      "lane_class": "micro",
      "target_ratio_max": 1.30,
      "raw_checksum": 1250025000,
      "effect_checksum": 1250025000,
      "raw_sample_ns": [2886333,2725042,2776458,2972000,2692542],
      "effect_sample_ns": [3213833,3195458,3173292,3293333,3133167],
      "raw_min_ns": 2692542,
      "raw_median_ns": 2776458,
      "raw_max_ns": 2972000,
      "effect_min_ns": 3133167,
      "effect_median_ns": 3195458,
      "effect_max_ns": 3293333,
      "observed_ratio": 1.1509117011674588
    },
    "exception_throw_prelude8": {
      "lane_class": "amortized",
      "target_ratio_max": 1.25,
      "raw_checksum": 1249975000,
      "effect_checksum": 11251175000,
      "raw_sample_ns": [2932625,2923208,2682625,2922833,2758541],
      "effect_sample_ns": [3155042,3273792,3116208,3271458,3092125],
      "raw_min_ns": 2682625,
      "raw_median_ns": 2922833,
      "raw_max_ns": 2932625,
      "effect_min_ns": 3092125,
      "effect_median_ns": 3155042,
      "effect_max_ns": 3273792,
      "observed_ratio": 1.0794465506582140
    },
    "algebraic_transform_micro": {
      "lane_class": "micro",
      "target_ratio_max": 1.40,
      "raw_checksum": 1250025000,
      "effect_checksum": 1250025000,
      "raw_sample_ns": [4816125,4940417,4662667,4868959,4684708],
      "effect_sample_ns": [6065000,6218625,5910709,6110209,5944750],
      "raw_min_ns": 4662667,
      "raw_median_ns": 4816125,
      "raw_max_ns": 4940417,
      "effect_min_ns": 5910709,
      "effect_median_ns": 6065000,
      "effect_max_ns": 6218625,
      "observed_ratio": 1.2593111682109579
    },
    "algebraic_choice_return_now_micro": {
      "lane_class": "micro",
      "target_ratio_max": 1.65,
      "raw_checksum": 1250025000,
      "effect_checksum": 1250025000,
      "raw_sample_ns": [2688583,2915208,2724625,2946375,2685000],
      "effect_sample_ns": [4310125,4312417,4328625,3986917,4306916],
      "raw_min_ns": 2685000,
      "raw_median_ns": 2724625,
      "raw_max_ns": 2946375,
      "effect_min_ns": 3986917,
      "effect_median_ns": 4310125,
      "effect_max_ns": 4328625,
      "observed_ratio": 1.5819149424232692
    },
    "algebraic_abort_micro": {
      "lane_class": "micro",
      "target_ratio_max": 1.50,
      "raw_checksum": 1250025000,
      "effect_checksum": 1250025000,
      "raw_sample_ns": [2731375,2989792,2740541,2719833,2759667],
      "effect_sample_ns": [3806167,3995542,3987084,4113375,4043916],
      "raw_min_ns": 2719833,
      "raw_median_ns": 2740541,
      "raw_max_ns": 2989792,
      "effect_min_ns": 3806167,
      "effect_median_ns": 3995542,
      "effect_max_ns": 4113375,
      "observed_ratio": 1.4579391441324907
    },
    "resource_normal_4": {
      "lane_class": "investigation",
      "target_ratio_max": 1.75,
      "raw_checksum": 20000100000,
      "effect_checksum": 20000100000,
      "raw_sample_ns": [1026458,1011917,1012167,1029958,1014625],
      "effect_sample_ns": [1751916,1678541,1701083,1713000,1661291],
      "raw_min_ns": 1011917,
      "raw_median_ns": 1014625,
      "raw_max_ns": 1029958,
      "effect_min_ns": 1661291,
      "effect_median_ns": 1701083,
      "effect_max_ns": 1751916,
      "observed_ratio": 1.6765632622890230
    },
    "resource_normal_32": {
      "lane_class": "investigation",
      "target_ratio_max": 2.10,
      "raw_checksum": 1280000800000,