{
  "artifact_schema_version": 2,
  "label": "effect_family_matrix_v2",
  "captured_at": "2026-03-14T22:27:53Z",
  "git_rev": "4eb581912cc8137a857d97055fcc3105be77a09a",
  "repo_state": "dirty",
  "host": {
    "uname": "Darwin timartiumai.local 25.4.0 Darwin Kernel Version 25.4.0: Thu Mar  5 22:43:42 PST 2026; root:xnu-12377.101.14~19/RELEASE_ARM64_T6020 arm64",
    "cpu": "Apple M2 Pro",
    "zig_version": "0.15.2"
  },
  "measurement_contract": {
    "command": "zig build bench-effect-matrix",
    "timed_iterations": 50000,
    "warmup_iterations": 20000,
    "samples_per_run": 5,
    "summary_stat": "median_ns from one warmed invocation"
  },
  "covered_families": ["state","reader","optional","exception","resource","writer"],
  "lane_classes": ["micro","amortized","investigation"],
  "uncovered_paths": ["resource_abortive_cleanup"],
  "lanes": {
    "state_micro": {
      "lane_class": "micro",
      "target_ratio_max": 1.05,
      "raw_checksum": 2500050000,
      "effect_checksum": 2500050000,
      "raw_sample_ns": [9319542,9442667,9350292,9771875,27501375],
      "effect_sample_ns": [22041,22167,24708,23625,62333],
      "raw_min_ns": 9319542,
      "raw_median_ns": 9442667,
      "raw_max_ns": 27501375,
      "effect_min_ns": 22041,
      "effect_median_ns": 23625,
      "effect_max_ns": 62333,
      "observed_ratio": 0.0025019414536169
    },
    "reader_micro": {
      "lane_class": "micro",
      "target_ratio_max": 1.15,
      "raw_checksum": 1250025000,
      "effect_checksum": 1250025000,
      "raw_sample_ns": [4657917,5036542,4816667,5065459,11011458],
      "effect_sample_ns": [14750,14833,14333,15708,20666],
      "raw_min_ns": 4657917,
      "raw_median_ns": 5036542,
      "raw_max_ns": 11011458,
      "effect_min_ns": 14333,
      "effect_median_ns": 14833,
      "effect_max_ns": 20666,
      "observed_ratio": 0.0029450762050629
    },
    "reader_batch8": {
      "lane_class": "amortized",
      "target_ratio_max": 1.10,
      "raw_checksum": 9999800000,
      "effect_checksum": 9999800000,
      "raw_sample_ns": [15288500,15441375,14924333,17681500,22923208],
      "effect_sample_ns": [14709,14750,14334,15958,15667],
      "raw_min_ns": 14924333,
      "raw_median_ns": 15441375,
      "raw_max_ns": 22923208,
      "effect_min_ns": 14334,
      "effect_median_ns": 14750,
      "effect_max_ns": 15958,
      "observed_ratio": 0.0009552258137633
    },
    "optional_return_now_micro": {
      "lane_class": "micro",
      "target_ratio_max": 1.50,
      "raw_checksum": 1250025000,
      "effect_checksum": 1250025000,
      "raw_sample_ns": [3051875,2774583,2713291,2981791,7727750],
      "effect_sample_ns": [3712750,3931500,3857625,4211292,8203917],
      "raw_min_ns": 2713291,
      "raw_median_ns": 2981791,
      "raw_max_ns": 7727750,
      "effect_min_ns": 3712750,
      "effect_median_ns": 3931500,
      "effect_max_ns": 8203917,
      "observed_ratio": 1.3185028729377746
    },
    "optional_return_now_prelude8": {
      "lane_class": "amortized",
      "target_ratio_max": 1.50,
      "raw_checksum": 1249975000,
      "effect_checksum": 1249975000,
      "raw_sample_ns": [2786792,2802250,2892458,3029584,7855083],
      "effect_sample_ns": [3631084,3955083,3909250,5502708,3878917],
      "raw_min_ns": 2786792,
      "raw_median_ns": 2892458,
      "raw_max_ns": 7855083,
      "effect_min_ns": 3631084,
      "effect_median_ns": 3909250,
      "effect_max_ns": 5502708,
      "observed_ratio": 1.3515321570788581
    },
    "optional_resume_with_micro": {
      "lane_class": "micro",
      "target_ratio_max": 1.25,
      "raw_checksum": 1250025000,
      "effect_checksum": 1250025000,
      "raw_sample_ns": [5029958,4777542,4880458,5178125,8164042],
      "effect_sample_ns": [5730833,5486125,5546500,6072917,6247708],
      "raw_min_ns": 4777542,
      "raw_median_ns": 5029958,
      "raw_max_ns": 8164042,
      "effect_min_ns": 5486125,
      "effect_median_ns": 5730833,
      "effect_max_ns": 6247708,
      "observed_ratio": 1.1393401296790153
    },
    "optional_resume_with_batch8": {
      "lane_class": "amortized",
      "target_ratio_max": 1.25,
      "raw_checksum": 11251575000,
      "effect_checksum": 11251575000,
      "raw_sample_ns": [5125042,4786208,4858875,5527375,5005458],
      "effect_sample_ns": [5724625,5489542,5597458,38215375,5916500],
      "raw_min_ns": 4786208,
      "raw_median_ns": 5005458,
      "raw_max_ns": 5527375,
      "effect_min_ns": 5489542,
      "effect_median_ns": 5724625,
      "effect_max_ns": 38215375,
      "observed_ratio": 1.1436765626641958
    },
    "exception_throw_micro": {
      "lane_class": "micro",
      "target_ratio_max": 1.30,
      "raw_checksum": 1250025000,
      "effect_checksum": 1250025000,
      "raw_sample_ns": [3018750,2719708,2889625,3272709,3425125],
      "effect_sample_ns": [3445750,3123583,3292542,3601167,3451458],
      "raw_min_ns": 2719708,
      "raw_median_ns": 3018750,
      "raw_max_ns": 3425125,
      "effect_min_ns": 3123583,
      "effect_median_ns": 3445750,
      "effect_max_ns": 3601167,
      "observed_ratio": 1.1414492753623189
    },
    "exception_throw_prelude8": {
      "lane_class": "amortized",
      "target_ratio_max": 1.25,
      "raw_checksum": 1249975000,
      "effect_checksum": 11251175000,
      "raw_sample_ns": [3215375,2742417,2991250,16255291,3914542],
      "effect_sample_ns": [3244959,3175250,3301791,3735375,4470458],
      "raw_min_ns": 2742417,
      "raw_median_ns": 3215375,
      "raw_max_ns": 16255291,
      "effect_min_ns": 3175250,
      "effect_median_ns": 3301791,
      "effect_max_ns": 4470458,
      "observed_ratio": 1.0268758698441083
    },
    "algebraic_transform_micro": {
      "lane_class": "micro",
      "target_ratio_max": 1.40,
      "raw_checksum": 1250025000,
      "effect_checksum": 1250025000,
      "raw_sample_ns": [5032959,4769000,5339875,5077417,6036666],
      "effect_sample_ns": [6269584,6217875,6827000,58960833,8504625],
      "raw_min_ns": 4769000,
      "raw_median_ns": 5077417,
      "raw_max_ns": 6036666,
      "effect_min_ns": 6217875,
      "effect_median_ns": 6827000,
      "effect_max_ns": 58960833,
      "observed_ratio": 1.3445813097486379
    },
    "algebraic_choice_return_now_micro": {
      "lane_class": "micro",
      "target_ratio_max": 1.65,
      "raw_checksum": 1250025000,
      "effect_checksum": 1250025000,
      "raw_sample_ns": [3038084,2792625,3394708,30795958,4272250],
      "effect_sample_ns": [4511250,4488250,4679541,64273542,6277459],
      "raw_min_ns": 2792625,
      "raw_median_ns": 3394708,
      "raw_max_ns": 30795958,
      "effect_min_ns": 4488250,
      "effect_median_ns": 4679541,
      "effect_max_ns": 64273542,
      "observed_ratio": 1.3784811536073205
    },
    "algebraic_abort_micro": {
      "lane_class": "micro",
      "target_ratio_max": 1.50,
      "raw_checksum": 1250025000,
      "effect_checksum": 1250025000,
      "raw_sample_ns": [2975542,2842625,3385000,90957084,3122125],
      "effect_sample_ns": [4404208,4212542,4519208,10288959,4894625],
      "raw_min_ns": 2842625,
      "raw_median_ns": 3122125,
      "raw_max_ns": 90957084,
      "effect_min_ns": 4212542,
      "effect_median_ns": 4519208,
      "effect_max_ns": 10288959,
      "observed_ratio": 1.4474782399807824
    },
    "resource_normal_4": {
      "lane_class": "investigation",
      "target_ratio_max": 1.75,
      "raw_checksum": 20000100000,
      "effect_checksum": 20000100000,
      "raw_sample_ns": [1040333,1104209,1070125,1085583,1720167],
      "effect_sample_ns": [1676208,1722875,1801042,5796541,2106625],
      "raw_min_ns": 1040333,
      "raw_median_ns": 1085583,
      "raw_max_ns": 1720167,
      "effect_min_ns": 1676208,
      "effect_median_ns": 1801042,
      "effect_max_ns": 5796541,
      "observed_ratio": 1.6590550883718702
    },
    "resource_normal_32": {
      "lane_class": "investigation",
      "target_ratio_max": 2.10,
      "raw_checksum": 1280000800000,