{
  "artifact_schema_version": 2,
  "label": "effect_family_matrix_v2",
  "captured_at": "2026-03-16T01:09:14Z",
  "git_rev": "3c3bafa1a5f20c94ff0d7a88ef8b4330a93356a9",
  "repo_state": "dirty",
  "host": {
    "uname": "Darwin timartiumai.local 25.4.0 Darwin Kernel Version 25.4.0: Thu Mar  5 22:43:42 PST 2026; root:xnu-12377.101.14~19/RELEASE_ARM64_T6020 arm64",
    "cpu": "Apple M2 Pro",
    "zig_version": "0.15.2"
  },
  "measurement_contract": {
    "command": "zig build bench-family-matrix",
    "timed_iterations": 50000,
    "warmup_iterations": 20000,
    "samples_per_run": 9,
    "summary_stat": "median_ns from one warmed invocation"
  },
  "covered_families": ["state","reader","optional","exception","resource","writer"],
  "lane_classes": ["micro","amortized","investigation"],
  "uncovered_paths": ["resource_abortive_cleanup"],
  "lanes": {
    "state_micro": {
      "lane_class": "micro",
      "target_ratio_max": 1.05,
      "raw_checksum": 2500050000,
      "effect_checksum": 2500050000,
      "raw_sample_ns": [1546708,1564834,1553083,1510041,2408792],
      "effect_sample_ns": [1559541,1563792,1557500,1533042,1688917],
      "raw_min_ns": 1490875,
      "raw_median_ns": 1564834,
      "raw_max_ns": 13735500,
      "effect_min_ns": 1509458,
      "effect_median_ns": 1563792,
      "effect_max_ns": 1688917,
      "observed_ratio": 0.9993341146728663
    },
    "reader_micro": {
      "lane_class": "micro",
      "target_ratio_max": 1.15,
      "raw_checksum": 1250025000,
      "effect_checksum": 1250025000,
      "raw_sample_ns": [1551042,1568541,1563667,1523084,2354875],
      "effect_sample_ns": [1601000,1582500,1557541,1561000,1591834],
      "raw_min_ns": 1523084,
      "raw_median_ns": 1568541,
      "raw_max_ns": 8533750,
      "effect_min_ns": 1529750,
      "effect_median_ns": 1582500,
      "effect_max_ns": 2245708,
      "observed_ratio": 1.0088993529655903
    },
    "reader_batch8": {
      "lane_class": "amortized",
      "target_ratio_max": 1.10,
      "raw_checksum": 9999800000,
      "effect_checksum": 9999800000,
      "raw_sample_ns": [1537959,1574042,1553042,1597584,2133083],
      "effect_sample_ns": [1557208,1568834,1553625,1555584,2585292],
      "raw_min_ns": 1523166,
      "raw_median_ns": 1566834,
      "raw_max_ns": 14919417,
      "effect_min_ns": 1512333,
      "effect_median_ns": 1557208,
      "effect_max_ns": 20220792,
      "observed_ratio": 0.9938564008695242
    },
    "optional_return_now_micro": {
      "lane_class": "micro",
      "target_ratio_max": 1.50,
      "raw_checksum": 1250025000,
      "effect_checksum": 1250025000,
      "raw_sample_ns": [1379125,1398084,1397500,1366000,1762500],
      "effect_sample_ns": [1393000,1494666,1367917,1417125,1366750],
      "raw_min_ns": 1366000,
      "raw_median_ns": 1398084,
      "raw_max_ns": 2972500,
      "effect_min_ns": 1363250,
      "effect_median_ns": 1398708,
      "effect_max_ns": 1801458,
      "observed_ratio": 1.0004463251135125
    },
    "optional_return_now_prelude8": {
      "lane_class": "amortized",
      "target_ratio_max": 1.50,
      "raw_checksum": 1249975000,
      "effect_checksum": 1249975000,
      "raw_sample_ns": [1441500,1824791,1379708,1410417,1800959],
      "effect_sample_ns": [1339959,1690583,1378667,1375792,1735084],
      "raw_min_ns": 1367125,
      "raw_median_ns": 1410417,
      "raw_max_ns": 1824791,
      "effect_min_ns": 1339959,
      "effect_median_ns": 1378667,
      "effect_max_ns": 1735084,
      "observed_ratio": 0.9774889270336361
    },
    "optional_resume_with_micro": {
      "lane_class": "micro",
      "target_ratio_max": 1.25,
      "raw_checksum": 1250025000,
      "effect_checksum": 1250025000,
      "raw_sample_ns": [1568084,1708833,1615250,1647542,1922292],
      "effect_sample_ns": [1586959,1636416,1690917,1679333,1754750],
      "raw_min_ns": 1529000,
      "raw_median_ns": 1615250,
      "raw_max_ns": 1922292,
      "effect_min_ns": 1557791,
      "effect_median_ns": 1638917,
      "effect_max_ns": 1754750,
      "observed_ratio": 1.0146522210184181
    },
    "optional_resume_with_batch8": {
      "lane_class": "amortized",
      "target_ratio_max": 1.25,
      "raw_checksum": 11251575000,
      "effect_checksum": 11251575000,
      "raw_sample_ns": [1582208,1659958,1658542,1653750,1743292],
      "effect_sample_ns": [1554083,1645833,1654750,1610750,1619667],
      "raw_min_ns": 1546625,
      "raw_median_ns": 1625000,
      "raw_max_ns": 1743292,
      "effect_min_ns": 1554083,
      "effect_median_ns": 1611958,
      "effect_max_ns": 1851667,
      "observed_ratio": 0.9919741538461538
    },
    "exception_throw_micro": {
      "lane_class": "micro",
      "target_ratio_max": 1.30,
      "raw_checksum": 1250025000,
      "effect_checksum": 1250025000,
      "raw_sample_ns": [1813375,1861750,1848208,1727667,1789000],
      "effect_sample_ns": [1801250,1816333,1782500,1790625,1948417],
      "raw_min_ns": 1727667,
      "raw_median_ns": 1804375,
      "raw_max_ns": 1861750,
      "effect_min_ns": 1723500,
      "effect_median_ns": 1798584,
      "effect_max_ns": 1948417,
      "observed_ratio": 0.9967905784551437
    },
    "exception_throw_prelude8": {
      "lane_class": "amortized",
      "target_ratio_max": 1.25,
      "raw_checksum": 11251175000,
      "effect_checksum": 11251175000,
      "raw_sample_ns": [1782958,1776125,1785833,1745958,1801542],
      "effect_sample_ns": [1731500,1787708,1774666,1769583,1753750],
      "raw_min_ns": 1713500,
      "raw_median_ns": 1782958,
      "raw_max_ns": 1801542,
      "effect_min_ns": 1731500,
      "effect_median_ns": 1753750,
      "effect_max_ns": 1904083,
      "observed_ratio": 0.9836182344171877
    },
    "algebraic_transform_micro": {
      "lane_class": "micro",
      "target_ratio_max": 1.40,
      "raw_checksum": 1250025000,
      "effect_checksum": 1250025000,
      "raw_sample_ns": [1458375,1486416,1501417,1509208,1427583],
      "effect_sample_ns": [1482125,1487833,1475542,1478000,1427667],
      "raw_min_ns": 1427583,
      "raw_median_ns": 1475916,
      "raw_max_ns": 1807209,
      "effect_min_ns": 1415042,
      "effect_median_ns": 1475542,
      "effect_max_ns": 1487833,
      "observed_ratio": 0.9997465980448752
    },
    "algebraic_choice_return_now_micro": {
      "lane_class": "micro",
      "target_ratio_max": 1.65,
      "raw_checksum": 1250025000,
      "effect_checksum": 1250025000,
      "raw_sample_ns": [1546250,1501625,1474541,1656875,1432292],
      "effect_sample_ns": [1505000,1489875,1489958,1692709,1496750],
      "raw_min_ns": 1432292,
      "raw_median_ns": 1474541,
      "raw_max_ns": 1899166,
      "effect_min_ns": 1464500,
      "effect_median_ns": 1489875,
      "effect_max_ns": 1692709,
      "observed_ratio": 1.0103991682835540
    },
    "algebraic_abort_micro": {
      "lane_class": "investigation",
      "target_ratio_max": 1.60,
      "raw_checksum": 1250025000,
      "effect_checksum": 1250025000,
      "raw_sample_ns": [1450167,1472709,1481000,2267166,1430833],
      "effect_sample_ns": [1466375,1524417,1476792,1764625,1443208],
      "raw_min_ns": 1430833,
      "raw_median_ns": 1472709,
      "raw_max_ns": 2267667,
      "effect_min_ns": 1443208,
      "effect_median_ns": 1494292,
      "effect_max_ns": 1853500,
      "observed_ratio": 1.0146553052911336
    },
    "resource_normal_4": {
      "lane_class": "investigation",
      "target_ratio_max": 3.50,
      "raw_checksum": 20000100000,
      "effect_checksum": 20000100000,
      "raw_sample_ns": [1111000,1120541,1182125,1092792,1091333],
      "effect_sample_ns": [3613209,3771417,3679750,4439791,3590750],
      "raw_min_ns": 1070958,
      "raw_median_ns": 1105459,
      "raw_max_ns": 1182125,
      "effect_min_ns": 3590750,
      "effect_median_ns": 3771417,
      "effect_max_ns": 16952875,
      "observed_ratio": 3.4116299202412752
    },
    "resource_normal_32": {
      "lane_class": "investigation",
      "target_ratio_max": 4.00,