{
  "artifact_schema_version": 1,
  "label": "effect_family_matrix_v1",
  "captured_at": "2026-03-14T16:30:18Z",
  "git_rev": "377274d5e8206a09a2ecd34932fc2ccb7bcfa2a1",
  "repo_state": "dirty",
  "host": {
    "uname": "Darwin timartiumai.local 25.4.0 Darwin Kernel Version 25.4.0: Thu Mar  5 22:43:42 PST 2026; root:xnu-12377.101.14~19/RELEASE_ARM64_T6020 arm64",
    "cpu": "Apple M2 Pro",
    "zig_version": "0.15.2"
  },
  "measurement_contract": {
    "command": "zig build bench-effect-matrix",
    "timed_iterations": 50000,
    "warmup_iterations": 20000,
    "samples_per_run": 5,
    "summary_stat": "median_ns from one warmed invocation"
  },
  "covered_families": ["state","reader","optional","exception","resource","writer"],
  "uncovered_paths": ["resource_abortive_cleanup"],
  "lanes": {
    "state": {
      "target_ratio_max": 1.05,
      "raw_checksum": 2500050000,
      "effect_checksum": 2500050000,
      "raw_sample_ns": [9308083,9546458,9392417,9541542,9001166],
      "effect_sample_ns": [9177417,8794416,8673292,8720125,8932917],
      "raw_min_ns": 9001166,
      "raw_median_ns": 9392417,
      "raw_max_ns": 9546458,
      "effect_min_ns": 8673292,
      "effect_median_ns": 8794416,
      "effect_max_ns": 9177417,
      "observed_ratio": 0.9363315108347511
    },
    "reader": {
      "target_ratio_max": 1.15,
      "raw_checksum": 1250025000,
      "effect_checksum": 1250025000,
      "raw_sample_ns": [5000250,4925167,4931167,4711750,4739333],
      "effect_sample_ns": [5344209,5334334,5298417,5310375,5274000],
      "raw_min_ns": 4711750,
      "raw_median_ns": 4925167,
      "raw_max_ns": 5000250,
      "effect_min_ns": 5274000,
      "effect_median_ns": 5310375,
      "effect_max_ns": 5344209,
      "observed_ratio": 1.0782121702675260
    },
    "optional_return_now": {
      "target_ratio_max": 1.50,
      "raw_checksum": 1250025000,
      "effect_checksum": 1250025000,
      "raw_sample_ns": [2746917,2817209,2868375,3000791,2917000],
      "effect_sample_ns": [3898208,3652625,3606125,3963292,3794166],
      "raw_min_ns": 2746917,
      "raw_median_ns": 2868375,
      "raw_max_ns": 3000791,
      "effect_min_ns": 3606125,
      "effect_median_ns": 3794166,
      "effect_max_ns": 3963292,
      "observed_ratio": 1.3227580075826906
    },
    "optional_resume_with": {
      "target_ratio_max": 1.20,
      "raw_checksum": 1250025000,
      "effect_checksum": 1250025000,
      "raw_sample_ns": [5072959,4791833,5102292,4765709,4889750],
      "effect_sample_ns": [5615834,5485250,5941209,5440125,5462958],
      "raw_min_ns": 4765709,
      "raw_median_ns": 4889750,
      "raw_max_ns": 5102292,
      "effect_min_ns": 5440125,
      "effect_median_ns": 5485250,
      "effect_max_ns": 5941209,
      "observed_ratio": 1.1217853673500691
    },
    "exception_throw": {
      "target_ratio_max": 1.20,
      "raw_checksum": 1250025000,
      "effect_checksum": 1250025000,
      "raw_sample_ns": [2812167,2828917,2767125,2758584,2816875],
      "effect_sample_ns": [3181916,3152625,3050292,3195166,3170541],
      "raw_min_ns": 2758584,
      "raw_median_ns": 2812167,
      "raw_max_ns": 2828917,
      "effect_min_ns": 3050292,
      "effect_median_ns": 3170541,
      "effect_max_ns": 3195166,
      "observed_ratio": 1.1274369552021626
    },
    "resource_normal": {
      "target_ratio_max": 12.00,
      "raw_checksum": 20000100000,
      "effect_checksum": 20000100000,
      "raw_sample_ns": [1020292,1023875,1052042,1014458,1073500],
      "effect_sample_ns": [11817042,11035292,11341708,11407458,11043167],
      "raw_min_ns": 1014458,
      "raw_median_ns": 1023875,
      "raw_max_ns": 1073500,
      "effect_min_ns": 11035292,
      "effect_median_ns": 11341708,
      "effect_max_ns": 11817042,
      "observed_ratio": 11.0772389207666944
    },
    "writer": {
      "target_ratio_max": 20.00,
      "raw_checksum": 7600000,
      "effect_checksum": 7600000,
      "raw_sample_ns": [1994958,1989709,2040750,1964042,2000291],
      "effect_sample_ns": [33185625,33227875,32996750,32879458,33016125],
      "raw_min_ns": 1964042,
      "raw_median_ns": 1994958,
      "raw_max_ns": 2040750,
      "effect_min_ns": 32879458,
      "effect_median_ns": 33016125,
      "effect_max_ns": 33227875,
      "observed_ratio": 16.5497845067414957
    }
  }
}
