{
  "artifact_schema_version": 2,
  "label": "effect_family_matrix_v2",
  "captured_at": "2026-03-14T18:02:05Z",
  "git_rev": "105dbe9019d58b50e5fce1ea6cb4148868ece149",
  "repo_state": "clean",
  "host": {
    "uname": "Darwin timartiumai.local 25.4.0 Darwin Kernel Version 25.4.0: Thu Mar  5 22:43:42 PST 2026; root:xnu-12377.101.14~19/RELEASE_ARM64_T6020 arm64",
    "cpu": "Apple M2 Pro",
    "zig_version": "0.15.2"
  },
  "measurement_contract": {
    "command": "zig build bench-effect-matrix",
    "timed_iterations": 50000,
    "warmup_iterations": 20000,
    "samples_per_run": 5,
    "summary_stat": "median_ns from one warmed invocation"
  },
  "covered_families": ["state","reader","optional","exception","resource","writer"],
  "lane_classes": ["micro","amortized","investigation"],
  "uncovered_paths": ["resource_abortive_cleanup"],
  "lanes": {
    "state_micro": {
      "lane_class": "micro",
      "target_ratio_max": 1.05,
      "raw_checksum": 2500050000,
      "effect_checksum": 2500050000,
      "raw_sample_ns": [9462833,9473833,9397375,9036291,9158292],
      "effect_sample_ns": [22500,23167,21458,21500,21459],
      "raw_min_ns": 9036291,
      "raw_median_ns": 9397375,
      "raw_max_ns": 9473833,
      "effect_min_ns": 21458,
      "effect_median_ns": 21500,
      "effect_max_ns": 23167,
      "observed_ratio": 0.0022878729432421
    },
    "reader_micro": {
      "lane_class": "micro",
      "target_ratio_max": 1.15,
      "raw_checksum": 1250025000,
      "effect_checksum": 1250025000,
      "raw_sample_ns": [4904250,4982541,4653042,4842750,4745416],
      "effect_sample_ns": [14959,14417,14292,14333,14334],
      "raw_min_ns": 4653042,
      "raw_median_ns": 4842750,
      "raw_max_ns": 4982541,
      "effect_min_ns": 14292,
      "effect_median_ns": 14334,
      "effect_max_ns": 14959,
      "observed_ratio": 0.0029598884931083
    },
    "reader_batch8": {
      "lane_class": "amortized",
      "target_ratio_max": 1.10,
      "raw_checksum": 9999800000,
      "effect_checksum": 9999800000,
      "raw_sample_ns": [16030667,15166791,14849292,15315875,15279625],
      "effect_sample_ns": [14916,15792,14375,14458,19375],
      "raw_min_ns": 14849292,
      "raw_median_ns": 15279625,
      "raw_max_ns": 16030667,
      "effect_min_ns": 14375,
      "effect_median_ns": 14916,
      "effect_max_ns": 19375,
      "observed_ratio": 0.0009762019683075
    },
    "optional_return_now_micro": {
      "lane_class": "micro",
      "target_ratio_max": 1.50,
      "raw_checksum": 1250025000,
      "effect_checksum": 1250025000,
      "raw_sample_ns": [3284625,3354416,3115708,3338833,3684416],
      "effect_sample_ns": [4211708,4000334,3840334,4088666,3733042],
      "raw_min_ns": 3115708,
      "raw_median_ns": 3338833,
      "raw_max_ns": 3684416,
      "effect_min_ns": 3733042,
      "effect_median_ns": 4000334,
      "effect_max_ns": 4211708,
      "observed_ratio": 1.1981234161756518
    },
    "optional_return_now_prelude8": {
      "lane_class": "amortized",
      "target_ratio_max": 1.40,
      "raw_checksum": 1249975000,
      "effect_checksum": 1249975000,
      "raw_sample_ns": [3320125,3171542,3121667,2992542,3009791],
      "effect_sample_ns": [4030042,4004459,3853958,3783167,3905125],
      "raw_min_ns": 2992542,
      "raw_median_ns": 3121667,
      "raw_max_ns": 3320125,
      "effect_min_ns": 3783167,
      "effect_median_ns": 3905125,
      "effect_max_ns": 4030042,
      "observed_ratio": 1.2509742390844378
    },
    "optional_resume_with_micro": {
      "lane_class": "micro",
      "target_ratio_max": 1.25,
      "raw_checksum": 1250025000,
      "effect_checksum": 1250025000,
      "raw_sample_ns": [5158084,5130334,4799042,4656458,5050375],
      "effect_sample_ns": [6030542,5664542,5385875,5418750,5595791],
      "raw_min_ns": 4656458,
      "raw_median_ns": 5050375,
      "raw_max_ns": 5158084,
      "effect_min_ns": 5385875,
      "effect_median_ns": 5595791,
      "effect_max_ns": 6030542,
      "observed_ratio": 1.1079951488750834
    },
    "optional_resume_with_batch8": {
      "lane_class": "amortized",
      "target_ratio_max": 1.20,
      "raw_checksum": 11251575000,
      "effect_checksum": 11251575000,
      "raw_sample_ns": [5148167,4858042,4791458,4687458,4724500],
      "effect_sample_ns": [5941834,5593166,5484416,5531167,5341208],
      "raw_min_ns": 4687458,
      "raw_median_ns": 4791458,
      "raw_max_ns": 5148167,
      "effect_min_ns": 5341208,
      "effect_median_ns": 5531167,
      "effect_max_ns": 5941834,
      "observed_ratio": 1.1543807751210591
    },
    "exception_throw_micro": {
      "lane_class": "micro",
      "target_ratio_max": 1.30,
      "raw_checksum": 1250025000,
      "effect_checksum": 1250025000,
      "raw_sample_ns": [3105417,2911584,2895500,3055375,2833500],
      "effect_sample_ns": [3418584,3301875,3434625,3295875,3208833],
      "raw_min_ns": 2833500,
      "raw_median_ns": 2911584,
      "raw_max_ns": 3105417,
      "effect_min_ns": 3208833,
      "effect_median_ns": 3301875,
      "effect_max_ns": 3434625,
      "observed_ratio": 1.1340476524118830
    },
    "exception_throw_prelude8": {
      "lane_class": "amortized",
      "target_ratio_max": 1.25,
      "raw_checksum": 1249975000,
      "effect_checksum": 11251175000,
      "raw_sample_ns": [3133167,2970416,3031833,2926750,2868709],
      "effect_sample_ns": [3452958,3246875,3172666,3396917,3191416],
      "raw_min_ns": 2868709,
      "raw_median_ns": 2970416,
      "raw_max_ns": 3133167,
      "effect_min_ns": 3172666,
      "effect_median_ns": 3246875,
      "effect_max_ns": 3452958,
      "observed_ratio": 1.0930708022041358
    },
    "resource_normal_4": {
      "lane_class": "investigation",
      "target_ratio_max": 16.00,
      "raw_checksum": 20000100000,
      "effect_checksum": 20000100000,
      "raw_sample_ns": [1172833,1072791,1030792,1077417,1029083],
      "effect_sample_ns": [1797000,1728292,1651959,1670958,1661542],
      "raw_min_ns": 1029083,
      "raw_median_ns": 1072791,
      "raw_max_ns": 1172833,
      "effect_min_ns": 1651959,
      "effect_median_ns": 1670958,
      "effect_max_ns": 1797000,
      "observed_ratio": 1.5575801810417873
    },
    "resource_normal_32": {
      "lane_class": "investigation",
      "target_ratio_max": 50.00,
      "raw_checksum": 1280000800000,
      "effect_checksum": 1280000800000,
      "raw_sample_ns": [2127834,1968750,1928292,1925125,1935250],
      "effect_sample_ns": [3984500,3714292,3719375,3650042,3862375],
      "raw_min_ns": 1925125,
      "raw_median_ns": 1935250,
      "raw_max_ns": 2127834,
      "effect_min_ns": 3650042,
      "effect_median_ns": 3719375,
      "effect_max_ns": 3984500,
      "observed_ratio": 1.9219093140421135
    },
    "writer_micro": {
      "lane_class": "micro",
      "target_ratio_max": 30.00,
      "raw_checksum": 100000,
      "effect_checksum": 100000,
      "raw_sample_ns": [1685208,1539292,1518916,1527208,1549916],
      "effect_sample_ns": [2483250,2306666,2287333,2304959,2284417],
      "raw_min_ns": 1518916,
      "raw_median_ns": 1539292,
      "raw_max_ns": 1685208,
      "effect_min_ns": 2284417,
      "effect_median_ns": 2304959,
      "effect_max_ns": 2483250,
      "observed_ratio": 1.4974150453585156
    },
    "writer_batch16": {
      "lane_class": "investigation",
      "target_ratio_max": 20.00,
      "raw_checksum": 7600000,
      "effect_checksum": 7600000,
      "raw_sample_ns": [2171916,1983584,1958625,1998666,1988541],
      "effect_sample_ns": [3802792,3754834,3578584,3684250,3551125],
      "raw_min_ns": 1958625,
      "raw_median_ns": 1988541,
      "raw_max_ns": 2171916,
      "effect_min_ns": 3551125,
      "effect_median_ns": 3684250,
      "effect_max_ns": 3802792,
      "observed_ratio": 1.8527402754079498
    },
    "writer_batch64": {
      "lane_class": "investigation",
      "target_ratio_max": 20.00,
      "raw_checksum": 107200000,
      "effect_checksum": 107200000,