{
  "artifact_schema_version": 2,
  "label": "effect_family_matrix_v2",
  "captured_at": "2026-03-15T23:51:42Z",
  "git_rev": "5cd05767fd28ed9a80ca4aad71a1c7438479fd9d",
  "repo_state": "dirty",
  "host": {
    "uname": "Darwin timartiumai.local 25.4.0 Darwin Kernel Version 25.4.0: Thu Mar  5 22:43:42 PST 2026; root:xnu-12377.101.14~19/RELEASE_ARM64_T6020 arm64",
    "cpu": "Apple M2 Pro",
    "zig_version": "0.15.2"
  },
  "measurement_contract": {
    "command": "zig build bench-effect-matrix",
    "timed_iterations": 50000,
    "warmup_iterations": 20000,
    "samples_per_run": 9,
    "summary_stat": "median_ns from one warmed invocation"
  },
  "covered_families": ["state","reader","optional","exception","resource","writer"],
  "lane_classes": ["micro","amortized","investigation"],
  "uncovered_paths": ["resource_abortive_cleanup"],
  "lanes": {
    "state_micro": {
      "lane_class": "micro",
      "target_ratio_max": 1.05,
      "raw_checksum": 2500050000,
      "effect_checksum": 2500050000,
      "raw_sample_ns": [1512042,1497666,1500292,1500417,1497084],
      "effect_sample_ns": [1500291,1497583,1497000,1500291,1497000],
      "raw_min_ns": 1497000,
      "raw_median_ns": 1500334,
      "raw_max_ns": 1512042,
      "effect_min_ns": 1497000,
      "effect_median_ns": 1497583,
      "effect_max_ns": 1500292,
      "observed_ratio": 0.9981664082797563
    },
    "reader_micro": {
      "lane_class": "micro",
      "target_ratio_max": 1.15,
      "raw_checksum": 1250025000,
      "effect_checksum": 1250025000,
      "raw_sample_ns": [1503667,1503750,1500042,1498625,1497084],
      "effect_sample_ns": [1496875,1496958,1497042,1500625,1508667],
      "raw_min_ns": 1497000,
      "raw_median_ns": 1500042,
      "raw_max_ns": 1503750,
      "effect_min_ns": 1496875,
      "effect_median_ns": 1497125,
      "effect_max_ns": 1508667,
      "observed_ratio": 0.9980553877824754
    },
    "reader_batch8": {
      "lane_class": "amortized",
      "target_ratio_max": 1.10,
      "raw_checksum": 9999800000,
      "effect_checksum": 9999800000,
      "raw_sample_ns": [1500417,1500500,1497125,1496916,1497041],
      "effect_sample_ns": [1504166,1500541,1500459,1506292,1500375],
      "raw_min_ns": 1496916,
      "raw_median_ns": 1500417,
      "raw_max_ns": 1504709,
      "effect_min_ns": 1497125,
      "effect_median_ns": 1500541,
      "effect_max_ns": 1506292,
      "observed_ratio": 1.0000826436917203
    },
    "optional_return_now_micro": {
      "lane_class": "micro",
      "target_ratio_max": 1.50,
      "raw_checksum": 1250025000,
      "effect_checksum": 1250025000,
      "raw_sample_ns": [1340458,1333375,1324709,1332083,1327709],
      "effect_sample_ns": [1332792,1336750,1334250,1322000,1328125],
      "raw_min_ns": 1321834,
      "raw_median_ns": 1327709,
      "raw_max_ns": 1340458,
      "effect_min_ns": 1321875,
      "effect_median_ns": 1328125,
      "effect_max_ns": 1336750,
      "observed_ratio": 1.0003133216691309
    },
    "optional_return_now_prelude8": {
      "lane_class": "amortized",
      "target_ratio_max": 1.50,
      "raw_checksum": 1249975000,
      "effect_checksum": 1249975000,
      "raw_sample_ns": [1325291,1326416,1330000,1332916,1326375],
      "effect_sample_ns": [1327583,1335625,1329416,1325250,1328292],
      "raw_min_ns": 1324750,
      "raw_median_ns": 1330000,
      "raw_max_ns": 1335541,
      "effect_min_ns": 1323167,
      "effect_median_ns": 1329416,
      "effect_max_ns": 1335625,
      "observed_ratio": 0.9995609022556391
    },
    "optional_resume_with_micro": {
      "lane_class": "micro",
      "target_ratio_max": 1.25,
      "raw_checksum": 1250025000,
      "effect_checksum": 1250025000,
      "raw_sample_ns": [1561083,1568833,1560750,1569250,1568041],
      "effect_sample_ns": [1560584,1560667,1571833,1560500,1564250],
      "raw_min_ns": 1560666,
      "raw_median_ns": 1564042,
      "raw_max_ns": 1569250,
      "effect_min_ns": 1560500,
      "effect_median_ns": 1561541,
      "effect_max_ns": 1571833,
      "observed_ratio": 0.9984009380822254
    },
    "optional_resume_with_batch8": {
      "lane_class": "amortized",
      "target_ratio_max": 1.25,
      "raw_checksum": 11251575000,
      "effect_checksum": 11251575000,
      "raw_sample_ns": [1564292,1560625,1560750,1560750,1563959],
      "effect_sample_ns": [1560625,1560875,1570625,1568167,1564041],
      "raw_min_ns": 1560541,
      "raw_median_ns": 1563958,
      "raw_max_ns": 1568583,
      "effect_min_ns": 1560583,
      "effect_median_ns": 1564041,
      "effect_max_ns": 1570625,
      "observed_ratio": 1.0000530704788748
    },
    "exception_throw_micro": {
      "lane_class": "micro",
      "target_ratio_max": 1.30,
      "raw_checksum": 1250025000,
      "effect_checksum": 1250025000,
      "raw_sample_ns": [1730250,1764208,1774042,1720416,1720084],
      "effect_sample_ns": [1718417,1755875,1778208,1716959,1716958],
      "raw_min_ns": 1715583,
      "raw_median_ns": 1720416,
      "raw_max_ns": 1774042,
      "effect_min_ns": 1715208,
      "effect_median_ns": 1716958,
      "effect_max_ns": 1778208,
      "observed_ratio": 0.9979900210181724
    },
    "exception_throw_prelude8": {
      "lane_class": "amortized",
      "target_ratio_max": 1.25,
      "raw_checksum": 11251175000,
      "effect_checksum": 11251175000,
      "raw_sample_ns": [1701083,1700750,1701042,1716167,1705166],
      "effect_sample_ns": [1700875,1706292,1701000,1701583,1700792],
      "raw_min_ns": 1700750,
      "raw_median_ns": 1701083,
      "raw_max_ns": 1716167,
      "effect_min_ns": 1700792,
      "effect_median_ns": 1701583,
      "effect_max_ns": 1706583,
      "observed_ratio": 1.0002939303961065
    },
    "algebraic_transform_micro": {
      "lane_class": "micro",
      "target_ratio_max": 1.40,
      "raw_checksum": 1250025000,
      "effect_checksum": 1250025000,
      "raw_sample_ns": [1426417,1426541,1426584,1429875,1437291],
      "effect_sample_ns": [1426541,1426500,1426541,1426625,1429792],
      "raw_min_ns": 1426375,
      "raw_median_ns": 1429875,
      "raw_max_ns": 1437291,
      "effect_min_ns": 1426375,
      "effect_median_ns": 1426541,
      "effect_max_ns": 1429875,
      "observed_ratio": 0.9976683276510184
    },
    "algebraic_choice_return_now_micro": {
      "lane_class": "micro",
      "target_ratio_max": 1.65,
      "raw_checksum": 1250025000,
      "effect_checksum": 1250025000,
      "raw_sample_ns": [1426417,1436083,1427250,1429750,1443541],
      "effect_sample_ns": [1427500,1427209,1426584,1429875,1426542],
      "raw_min_ns": 1426417,
      "raw_median_ns": 1427250,
      "raw_max_ns": 1443541,
      "effect_min_ns": 1426542,
      "effect_median_ns": 1429833,
      "effect_max_ns": 1436792,
      "observed_ratio": 1.0018097740409879
    },
    "algebraic_abort_micro": {
      "lane_class": "investigation",
      "target_ratio_max": 1.60,
      "raw_checksum": 1250025000,
      "effect_checksum": 1250025000,
      "raw_sample_ns": [1412667,1416416,1415125,1412250,1412416],
      "effect_sample_ns": [1412000,1413458,1412500,1418708,1416042],
      "raw_min_ns": 1411250,
      "raw_median_ns": 1412667,
      "raw_max_ns": 1422000,
      "effect_min_ns": 1411208,
      "effect_median_ns": 1412542,
      "effect_max_ns": 1418708,
      "observed_ratio": 0.9999115148863815
    },
    "resource_normal_4": {
      "lane_class": "investigation",
      "target_ratio_max": 3.50,
      "raw_checksum": 20000100000,
      "effect_checksum": 20000100000,
      "raw_sample_ns": [1059333,1062875,1059709,1059375,1059666],
      "effect_sample_ns": [3412291,3411583,3411541,3412000,3415625],
      "raw_min_ns": 1058959,
      "raw_median_ns": 1059709,
      "raw_max_ns": 1066792,
      "effect_min_ns": 3411541,
      "effect_median_ns": 3412291,
      "effect_max_ns": 3416750,
      "observed_ratio": 3.2200264412211275
    },
    "resource_normal_32": {
      "lane_class": "investigation",
      "target_ratio_max": 4.00,