{
  "artifact_schema_version": 2,
  "label": "effect_family_matrix_v2",
  "captured_at": "2026-03-14T18:22:11Z",
  "git_rev": "887d5082debfa251395ccbaf6b2dff193d401461",
  "repo_state": "clean",
  "host": {
    "uname": "Darwin timartiumai.local 25.4.0 Darwin Kernel Version 25.4.0: Thu Mar  5 22:43:42 PST 2026; root:xnu-12377.101.14~19/RELEASE_ARM64_T6020 arm64",
    "cpu": "Apple M2 Pro",
    "zig_version": "0.15.2"
  },
  "measurement_contract": {
    "command": "zig build bench-effect-matrix",
    "timed_iterations": 50000,
    "warmup_iterations": 20000,
    "samples_per_run": 5,
    "summary_stat": "median_ns from one warmed invocation"
  },
  "covered_families": ["state","reader","optional","exception","resource","writer"],
  "lane_classes": ["micro","amortized","investigation"],
  "uncovered_paths": ["resource_abortive_cleanup"],
  "lanes": {
    "state_micro": {
      "lane_class": "micro",
      "target_ratio_max": 1.05,
      "raw_checksum": 2500050000,
      "effect_checksum": 2500050000,
      "raw_sample_ns": [9117625,9506833,8993250,8995875,8992708],
      "effect_sample_ns": [21458,22708,21416,21458,21459],
      "raw_min_ns": 8992708,
      "raw_median_ns": 8995875,
      "raw_max_ns": 9506833,
      "effect_min_ns": 21416,
      "effect_median_ns": 21458,
      "effect_max_ns": 22708,
      "observed_ratio": 0.0023853154918226
    },
    "reader_micro": {
      "lane_class": "micro",
      "target_ratio_max": 1.15,
      "raw_checksum": 1250025000,
      "effect_checksum": 1250025000,
      "raw_sample_ns": [5033459,5084292,4695125,5076375,4963792],
      "effect_sample_ns": [14917,15042,14291,14333,14333],
      "raw_min_ns": 4695125,
      "raw_median_ns": 5033459,
      "raw_max_ns": 5084292,
      "effect_min_ns": 14291,
      "effect_median_ns": 14333,
      "effect_max_ns": 15042,
      "observed_ratio": 0.0028475447997093
    },
    "reader_batch8": {
      "lane_class": "amortized",
      "target_ratio_max": 1.10,
      "raw_checksum": 9999800000,
      "effect_checksum": 9999800000,
      "raw_sample_ns": [15656583,15366583,14968834,14880250,14694083],
      "effect_sample_ns": [14917,14916,14375,14333,14333],
      "raw_min_ns": 14694083,
      "raw_median_ns": 14968834,
      "raw_max_ns": 15656583,
      "effect_min_ns": 14333,
      "effect_median_ns": 14375,
      "effect_max_ns": 14917,
      "observed_ratio": 0.0009603286401599
    },
    "optional_return_now_micro": {
      "lane_class": "micro",
      "target_ratio_max": 1.50,
      "raw_checksum": 1250025000,
      "effect_checksum": 1250025000,
      "raw_sample_ns": [3454041,3258375,3262667,3334292,3381084],
      "effect_sample_ns": [4116583,4238916,3669000,3966709,3633834],
      "raw_min_ns": 3258375,
      "raw_median_ns": 3334292,
      "raw_max_ns": 3454041,
      "effect_min_ns": 3633834,
      "effect_median_ns": 3966709,
      "effect_max_ns": 4238916,
      "observed_ratio": 1.1896705507496044
    },
    "optional_return_now_prelude8": {
      "lane_class": "amortized",
      "target_ratio_max": 1.40,
      "raw_checksum": 1249975000,
      "effect_checksum": 1249975000,
      "raw_sample_ns": [3301583,3369834,3030833,3025959,3151292],
      "effect_sample_ns": [4037875,3914917,3830625,3702000,3712000],
      "raw_min_ns": 3025959,
      "raw_median_ns": 3151292,
      "raw_max_ns": 3369834,
      "effect_min_ns": 3702000,
      "effect_median_ns": 3830625,
      "effect_max_ns": 4037875,
      "observed_ratio": 1.2155728507545476
    },
    "optional_resume_with_micro": {
      "lane_class": "micro",
      "target_ratio_max": 1.25,
      "raw_checksum": 1250025000,
      "effect_checksum": 1250025000,
      "raw_sample_ns": [5150042,5211959,4689292,4962958,4834792],
      "effect_sample_ns": [6028666,5699209,5594334,5701000,5345500],
      "raw_min_ns": 4689292,
      "raw_median_ns": 4962958,
      "raw_max_ns": 5211959,
      "effect_min_ns": 5345500,
      "effect_median_ns": 5699209,
      "effect_max_ns": 6028666,
      "observed_ratio": 1.1483492304387828
    },
    "optional_resume_with_batch8": {
      "lane_class": "amortized",
      "target_ratio_max": 1.20,
      "raw_checksum": 11251575000,
      "effect_checksum": 11251575000,
      "raw_sample_ns": [5254458,4771458,4643166,5020375,4877000],
      "effect_sample_ns": [5910583,5366125,5442875,5605125,5752417],
      "raw_min_ns": 4643166,
      "raw_median_ns": 4877000,
      "raw_max_ns": 5254458,
      "effect_min_ns": 5366125,
      "effect_median_ns": 5605125,
      "effect_max_ns": 5910583,
      "observed_ratio": 1.1492977240106623
    },
    "exception_throw_micro": {
      "lane_class": "micro",
      "target_ratio_max": 1.30,
      "raw_checksum": 1250025000,
      "effect_checksum": 1250025000,
      "raw_sample_ns": [3014125,3025917,2793583,3089625,2942584],
      "effect_sample_ns": [3442291,3311500,3091833,3114750,3062917],
      "raw_min_ns": 2793583,
      "raw_median_ns": 3014125,
      "raw_max_ns": 3089625,
      "effect_min_ns": 3062917,
      "effect_median_ns": 3114750,
      "effect_max_ns": 3442291,
      "observed_ratio": 1.0333844814000746
    },
    "exception_throw_prelude8": {
      "lane_class": "amortized",
      "target_ratio_max": 1.25,
      "raw_checksum": 1249975000,
      "effect_checksum": 11251175000,
      "raw_sample_ns": [3220375,2958333,2946083,2920250,2925666],
      "effect_sample_ns": [3399459,3070500,3202667,3199458,3178875],
      "raw_min_ns": 2920250,
      "raw_median_ns": 2946083,
      "raw_max_ns": 3220375,
      "effect_min_ns": 3070500,
      "effect_median_ns": 3199458,
      "effect_max_ns": 3399459,
      "observed_ratio": 1.0860040263631405
    },
    "resource_normal_4": {
      "lane_class": "investigation",
      "target_ratio_max": 16.00,
      "raw_checksum": 20000100000,
      "effect_checksum": 20000100000,
      "raw_sample_ns": [1092875,1040125,1050291,1066292,1097583],
      "effect_sample_ns": [1829083,1694792,1694042,1726125,1725625],
      "raw_min_ns": 1040125,
      "raw_median_ns": 1066292,
      "raw_max_ns": 1097583,
      "effect_min_ns": 1694042,
      "effect_median_ns": 1725625,
      "effect_max_ns": 1829083,
      "observed_ratio": 1.6183418800853799
    },
    "resource_normal_32": {
      "lane_class": "investigation",
      "target_ratio_max": 50.00,
      "raw_checksum": 1280000800000,
      "effect_checksum": 1280000800000,
      "raw_sample_ns": [2061417,1919833,1907709,2016042,2002000],
      "effect_sample_ns": [3939667,3636083,3744333,3816583,3592417],
      "raw_min_ns": 1907709,
      "raw_median_ns": 2002000,
      "raw_max_ns": 2061417,
      "effect_min_ns": 3592417,
      "effect_median_ns": 3744333,
      "effect_max_ns": 3939667,
      "observed_ratio": 1.8702962037962039
    },
    "writer_micro": {
      "lane_class": "micro",
      "target_ratio_max": 30.00,
      "raw_checksum": 100000,
      "effect_checksum": 100000,
      "raw_sample_ns": [1646125,1517083,1552791,1502750,1472084],
      "effect_sample_ns": [1038541,968500,1001792,938084,940084],
      "raw_min_ns": 1472084,
      "raw_median_ns": 1517083,
      "raw_max_ns": 1646125,
      "effect_min_ns": 938084,
      "effect_median_ns": 968500,
      "effect_max_ns": 1038541,
      "observed_ratio": 0.6383961853108894
    },
    "writer_batch16": {
      "lane_class": "investigation",
      "target_ratio_max": 20.00,
      "raw_checksum": 7600000,
      "effect_checksum": 7600000,
      "raw_sample_ns": [2278250,2203166,2210000,2095791,2096500],
      "effect_sample_ns": [2704417,2640750,2524375,2546584,2565333],
      "raw_min_ns": 2095791,
      "raw_median_ns": 2203166,
      "raw_max_ns": 2278250,
      "effect_min_ns": 2524375,
      "effect_median_ns": 2565333,
      "effect_max_ns": 2704417,
      "observed_ratio": 1.1643847989665781
    },
    "writer_batch64": {
      "lane_class": "investigation",
      "target_ratio_max": 20.00,
      "raw_checksum": 107200000,
      "effect_checksum": 107200000,