{
  "artifact_schema_version": 2,
  "label": "effect_family_matrix_v2",
  "captured_at": "2026-03-14T22:06:32Z",
  "git_rev": "26e10b59a2e1f5d59642163b06876910a7e08789",
  "repo_state": "dirty",
  "host": {
    "uname": "Darwin timartiumai.local 25.4.0 Darwin Kernel Version 25.4.0: Thu Mar  5 22:43:42 PST 2026; root:xnu-12377.101.14~19/RELEASE_ARM64_T6020 arm64",
    "cpu": "Apple M2 Pro",
    "zig_version": "0.15.2"
  },
  "measurement_contract": {
    "command": "zig build bench-effect-matrix",
    "timed_iterations": 50000,
    "warmup_iterations": 20000,
    "samples_per_run": 5,
    "summary_stat": "median_ns from one warmed invocation"
  },
  "covered_families": ["state","reader","optional","exception","resource","writer"],
  "lane_classes": ["micro","amortized","investigation"],
  "uncovered_paths": ["resource_abortive_cleanup"],
  "lanes": {
    "state_micro": {
      "lane_class": "micro",
      "target_ratio_max": 1.05,
      "raw_checksum": 2500050000,
      "effect_checksum": 2500050000,
      "raw_sample_ns": [8923875,8950750,8748250,8880625,8791250],
      "effect_sample_ns": [21500,21417,21417,30500,21459],
      "raw_min_ns": 8748250,
      "raw_median_ns": 8880625,
      "raw_max_ns": 8950750,
      "effect_min_ns": 21417,
      "effect_median_ns": 21459,
      "effect_max_ns": 30500,
      "observed_ratio": 0.0024163839819833
    },
    "reader_micro": {
      "lane_class": "micro",
      "target_ratio_max": 1.15,
      "raw_checksum": 1250025000,
      "effect_checksum": 1250025000,
      "raw_sample_ns": [4574834,4625291,4777292,4846167,4804166],
      "effect_sample_ns": [14333,14417,14333,14458,14292],
      "raw_min_ns": 4574834,
      "raw_median_ns": 4777292,
      "raw_max_ns": 4846167,
      "effect_min_ns": 14292,
      "effect_median_ns": 14333,
      "effect_max_ns": 14458,
      "observed_ratio": 0.0030002352797359
    },
    "reader_batch8": {
      "lane_class": "amortized",
      "target_ratio_max": 1.10,
      "raw_checksum": 9999800000,
      "effect_checksum": 9999800000,
      "raw_sample_ns": [14803208,14801625,14684250,14889917,14525833],
      "effect_sample_ns": [14375,14583,14375,14292,14875],
      "raw_min_ns": 14525833,
      "raw_median_ns": 14801625,
      "raw_max_ns": 14889917,
      "effect_min_ns": 14292,
      "effect_median_ns": 14375,
      "effect_max_ns": 14875,
      "observed_ratio": 0.0009711771511574
    },
    "optional_return_now_micro": {
      "lane_class": "micro",
      "target_ratio_max": 1.50,
      "raw_checksum": 1250025000,
      "effect_checksum": 1250025000,
      "raw_sample_ns": [2719042,2718041,2686792,2738708,3062708],
      "effect_sample_ns": [3887584,3889584,3847042,3718500,3897375],
      "raw_min_ns": 2686792,
      "raw_median_ns": 2719042,
      "raw_max_ns": 3062708,
      "effect_min_ns": 3718500,
      "effect_median_ns": 3887584,
      "effect_max_ns": 3897375,
      "observed_ratio": 1.4297623942550355
    },
    "optional_return_now_prelude8": {
      "lane_class": "amortized",
      "target_ratio_max": 1.50,
      "raw_checksum": 1249975000,
      "effect_checksum": 1249975000,
      "raw_sample_ns": [2709459,2741208,2700750,2701166,2913250],
      "effect_sample_ns": [3793458,3745334,3799375,3790875,3863667],
      "raw_min_ns": 2700750,
      "raw_median_ns": 2709459,
      "raw_max_ns": 2913250,
      "effect_min_ns": 3745334,
      "effect_median_ns": 3793458,
      "effect_max_ns": 3863667,
      "observed_ratio": 1.4000794992653516
    },
    "optional_resume_with_micro": {
      "lane_class": "micro",
      "target_ratio_max": 1.25,
      "raw_checksum": 1250025000,
      "effect_checksum": 1250025000,
      "raw_sample_ns": [4547250,4545167,4700375,4565583,4809209],
      "effect_sample_ns": [5304459,5310667,5296708,5301417,5342500],
      "raw_min_ns": 4545167,
      "raw_median_ns": 4565583,
      "raw_max_ns": 4809209,
      "effect_min_ns": 5296708,
      "effect_median_ns": 5304459,
      "effect_max_ns": 5342500,
      "observed_ratio": 1.1618360678143405
    },
    "optional_resume_with_batch8": {
      "lane_class": "amortized",
      "target_ratio_max": 1.25,
      "raw_checksum": 11251575000,
      "effect_checksum": 11251575000,
      "raw_sample_ns": [4599917,4721292,4735792,4624542,4822167],
      "effect_sample_ns": [5306500,5507833,5494834,5324833,5349583],
      "raw_min_ns": 4599917,
      "raw_median_ns": 4721292,
      "raw_max_ns": 4822167,
      "effect_min_ns": 5306500,
      "effect_median_ns": 5349583,
      "effect_max_ns": 5507833,
      "observed_ratio": 1.1330760732443577
    },
    "exception_throw_micro": {
      "lane_class": "micro",
      "target_ratio_max": 1.30,
      "raw_checksum": 1250025000,
      "effect_checksum": 1250025000,
      "raw_sample_ns": [2870459,2721666,2689209,2686750,2765166],
      "effect_sample_ns": [3226500,3116333,3051125,3026666,3131875],
      "raw_min_ns": 2686750,
      "raw_median_ns": 2721666,
      "raw_max_ns": 2870459,
      "effect_min_ns": 3026666,
      "effect_median_ns": 3116333,
      "effect_max_ns": 3226500,
      "observed_ratio": 1.1450093435417865
    },
    "exception_throw_prelude8": {
      "lane_class": "amortized",
      "target_ratio_max": 1.20,
      "raw_checksum": 1249975000,
      "effect_checksum": 11251175000,
      "raw_sample_ns": [2807417,2749875,2861709,2644584,2690167],
      "effect_sample_ns": [3285375,3076750,3195875,3078875,3393250],
      "raw_min_ns": 2644584,
      "raw_median_ns": 2749875,
      "raw_max_ns": 2861709,
      "effect_min_ns": 3076750,
      "effect_median_ns": 3195875,
      "effect_max_ns": 3393250,
      "observed_ratio": 1.1621891904177462
    },
    "algebraic_transform_micro": {
      "lane_class": "micro",
      "target_ratio_max": 1.35,
      "raw_checksum": 1250025000,
      "effect_checksum": 1250025000,
      "raw_sample_ns": [4680875,4608292,4825625,4593750,4843250],
      "effect_sample_ns": [5974708,5989041,6252625,5927916,6006625],
      "raw_min_ns": 4593750,
      "raw_median_ns": 4680875,
      "raw_max_ns": 4843250,
      "effect_min_ns": 5927916,
      "effect_median_ns": 5989041,
      "effect_max_ns": 6252625,
      "observed_ratio": 1.2794703981627367
    },
    "algebraic_choice_return_now_micro": {
      "lane_class": "micro",
      "target_ratio_max": 1.65,
      "raw_checksum": 1250025000,
      "effect_checksum": 1250025000,
      "raw_sample_ns": [2705625,2683875,2966667,2681209,2824583],
      "effect_sample_ns": [4197375,4416500,4397708,4459042,4387583],
      "raw_min_ns": 2681209,
      "raw_median_ns": 2705625,
      "raw_max_ns": 2966667,
      "effect_min_ns": 4197375,
      "effect_median_ns": 4397708,
      "effect_max_ns": 4459042,
      "observed_ratio": 1.6253945021945022
    },
    "algebraic_abort_micro": {
      "lane_class": "micro",
      "target_ratio_max": 1.45,
      "raw_checksum": 1250025000,
      "effect_checksum": 1250025000,
      "raw_sample_ns": [2791292,2712000,2967291,2982208,3104958],
      "effect_sample_ns": [4219667,3818667,3993125,4146792,4405917],
      "raw_min_ns": 2712000,
      "raw_median_ns": 2967291,
      "raw_max_ns": 3104958,
      "effect_min_ns": 3818667,
      "effect_median_ns": 4146792,
      "effect_max_ns": 4405917,
      "observed_ratio": 1.3975009528893527
    },
    "resource_normal_4": {
      "lane_class": "investigation",
      "target_ratio_max": 1.75,
      "raw_checksum": 20000100000,
      "effect_checksum": 20000100000,
      "raw_sample_ns": [1060333,1038417,1046208,1012166,1082083],
      "effect_sample_ns": [1672291,1676916,1791083,1667292,1783833],
      "raw_min_ns": 1012166,
      "raw_median_ns": 1046208,
      "raw_max_ns": 1082083,
      "effect_min_ns": 1667292,
      "effect_median_ns": 1676916,
      "effect_max_ns": 1791083,
      "observed_ratio": 1.6028514406313086
    },
    "resource_normal_32": {
      "lane_class": "investigation",
      "target_ratio_max": 2.10,
      "raw_checksum": 1280000800000,