{
  "artifact_schema_version": 1,
  "label": "runtime_backend_matrix_v1",
  "captured_at": "2026-03-15T04:39:48Z",
  "git_rev": "bf5ef6861273f1b93b3b001bd44b1b2c0805707b",
  "repo_state": "clean",
  "host": {
    "uname": "Darwin timartiumai.local 25.4.0 Darwin Kernel Version 25.4.0: Thu Mar  5 22:43:42 PST 2026; root:xnu-12377.101.14~19/RELEASE_ARM64_T6020 arm64",
    "cpu": "Apple M2 Pro",
    "zig_version": "0.15.2"
  },
  "measurement_contract": {
    "command": "zig build bench-runtime-backends",
    "timed_iterations": 10000,
    "warmup_iterations": 2000,
    "samples_per_run": 5,
    "summary_stat": "median_ns from one warmed invocation"
  },
  "lanes": {
    "atm_resume_transform": {
      "lane_class": "witness",
      "target_ratio_max": 1.25,
      "stack_checksum": 17801976633557739792,
      "lowered_checksum": 17801976633557739792,
      "stack_sample_ns": [82837417,94040792,94550500,89273208,91208500],
      "lowered_sample_ns": [896625,905791,857292,898833,944041],
      "stack_min_ns": 82837417,
      "stack_median_ns": 91208500,
      "stack_max_ns": 94550500,
      "lowered_min_ns": 857292,
      "lowered_median_ns": 898833,
      "lowered_max_ns": 944041,
      "observed_ratio": 0.0098547065240630
    },
    "direct_return": {
      "lane_class": "witness",
      "target_ratio_max": 1.25,
      "stack_checksum": 628206173383419648,
      "lowered_checksum": 628206173383419648,
      "stack_sample_ns": [84514083,84923542,89527875,84829416,81380667],
      "lowered_sample_ns": [748291,743292,761625,740583,757708],
      "stack_min_ns": 81380667,
      "stack_median_ns": 84829416,
      "stack_max_ns": 89527875,
      "lowered_min_ns": 740583,
      "lowered_median_ns": 748291,
      "lowered_max_ns": 761625,
      "observed_ratio": 0.0088211263885160
    },
    "multi_prompt": {
      "lane_class": "witness",
      "target_ratio_max": 1.25,
      "stack_checksum": 8332002058700971488,
      "lowered_checksum": 8332002058700971488,
      "stack_sample_ns": [147073083,144592917,145657917,144939042,146915167],
      "lowered_sample_ns": [1054916,1049750,1044959,1077166,1081750],
      "stack_min_ns": 144592917,
      "stack_median_ns": 145657917,
      "stack_max_ns": 147073083,
      "lowered_min_ns": 1044959,
      "lowered_median_ns": 1054916,
      "lowered_max_ns": 1081750,
      "observed_ratio": 0.0072424212959190
    },
    "resume_or_return_resume": {
      "lane_class": "witness",
      "target_ratio_max": 1.25,
      "stack_checksum": 10495262929730832224,
      "lowered_checksum": 10495262929730832224,
      "stack_sample_ns": [94371458,88724625,85358667,80531958,81501833],
      "lowered_sample_ns": [943458,940750,935666,938417,927667],
      "stack_min_ns": 80531958,
      "stack_median_ns": 85358667,
      "stack_max_ns": 94371458,
      "lowered_min_ns": 927667,
      "lowered_median_ns": 938417,
      "lowered_max_ns": 943458,
      "observed_ratio": 0.0109938103883464
    },
    "resume_or_return_return_now": {
      "lane_class": "witness",
      "target_ratio_max": 1.25,
      "stack_checksum": 7807795274561387152,
      "lowered_checksum": 7807795274561387152,
      "stack_sample_ns": [81735041,80515125,81094542,80285209,80364917],
      "lowered_sample_ns": [781792,774916,772459,768916,771791],
      "stack_min_ns": 80285209,
      "stack_median_ns": 80515125,
      "stack_max_ns": 81735041,
      "lowered_min_ns": 768916,
      "lowered_median_ns": 772459,
      "lowered_max_ns": 781792,
      "observed_ratio": 0.0095939613830321
    },
    "static_redelim": {
      "lane_class": "witness",
      "target_ratio_max": 1.25,
      "stack_checksum": 2913266055049900192,
      "lowered_checksum": 2913266055049900192,
      "stack_sample_ns": [81325500,81828209,81644584,81555167,81102458],
      "lowered_sample_ns": [1143666,1138708,1159000,1134917,1129375],
      "stack_min_ns": 81102458,
      "stack_median_ns": 81555167,
      "stack_max_ns": 81828209,
      "lowered_min_ns": 1129375,
      "lowered_median_ns": 1138708,
      "lowered_max_ns": 1159000,
      "observed_ratio": 0.0139624261942839
    },
    "early_exit": {
      "lane_class": "example",
      "target_ratio_max": 1.35,
      "stack_checksum": 628206173383419648,
      "lowered_checksum": 628206173383419648,
      "stack_sample_ns": [81102250,80256750,81847250,80469417,80350875],
      "lowered_sample_ns": [686750,691625,694958,716917,694708],
      "stack_min_ns": 80256750,
      "stack_median_ns": 80469417,
      "stack_max_ns": 81847250,
      "lowered_min_ns": 686750,
      "lowered_median_ns": 694708,
      "lowered_max_ns": 716917,
      "observed_ratio": 0.0086331929060701
    },
    "resume_or_return": {
      "lane_class": "example",
      "target_ratio_max": 1.35,
      "stack_checksum": 3930762164616111312,
      "lowered_checksum": 3930762164616111312,
      "stack_sample_ns": [163077417,163221959,161940750,162278500,160529708],
      "lowered_sample_ns": [1136125,1148667,1131333,1150875,1120917],
      "stack_min_ns": 160529708,
      "stack_median_ns": 162278500,
      "stack_max_ns": 163221959,
      "lowered_min_ns": 1120917,
      "lowered_median_ns": 1136125,
      "lowered_max_ns": 1150875,
      "observed_ratio": 0.0070010814741324
    },
    "nested_workflow": {
      "lane_class": "workflow",
      "target_ratio_max": 1.50,
      "stack_checksum": 8731421987372624400,
      "lowered_checksum": 8731421987372624400,
      "stack_sample_ns": [135492708,135026250,135485959,138227125,137235500],
      "lowered_sample_ns": [1067958,1068084,1067959,1073708,1067666],
      "stack_min_ns": 135026250,
      "stack_median_ns": 135492708,
      "stack_max_ns": 138227125,
      "lowered_min_ns": 1067666,
      "lowered_median_ns": 1067959,
      "lowered_max_ns": 1073708,
      "observed_ratio": 0.0078820404120936
    },
    "generator": {
      "lane_class": "workflow",
      "target_ratio_max": 1.50,
      "stack_checksum": 2205035635005971200,
      "lowered_checksum": 2205035635005971200,
      "stack_sample_ns": [81119000,82148917,84972166,82367542,81972500],
      "lowered_sample_ns": [780625,781333,791125,776584,776625],
      "stack_min_ns": 81119000,
      "stack_median_ns": 82148917,
      "stack_max_ns": 84972166,
      "lowered_min_ns": 776584,
      "lowered_median_ns": 780625,
      "lowered_max_ns": 791125,
      "observed_ratio": 0.0095025598450677
    },
    "state_basic": {
      "lane_class": "effect",
      "target_ratio_max": 1.95,
      "stack_checksum": 3196383728514520432,
      "lowered_checksum": 3196383728514520432,
      "stack_sample_ns": [474125,474250,474041,474542,474416],
      "lowered_sample_ns": [775875,774584,774917,774125,785875],
      "stack_min_ns": 474041,
      "stack_median_ns": 474250,
      "stack_max_ns": 474542,
      "lowered_min_ns": 774125,
      "lowered_median_ns": 774917,
      "lowered_max_ns": 785875,
      "observed_ratio": 1.6339841855561412
    },
    "reader_basic": {
      "lane_class": "effect",
      "target_ratio_max": 2.50,
      "stack_checksum": 15571372057241649264,
      "lowered_checksum": 15571372057241649264,
      "stack_sample_ns": [421792,414250,450833,448667,406875],
      "lowered_sample_ns": [679125,653208,656458,657125,653000],
      "stack_min_ns": 406875,
      "stack_median_ns": 421792,
      "stack_max_ns": 450833,
      "lowered_min_ns": 653000,
      "lowered_median_ns": 656458,
      "lowered_max_ns": 679125,
      "observed_ratio": 1.5563547909870268
    },
    "optional_basic": {
      "lane_class": "effect",
      "target_ratio_max": 1.35,
      "stack_checksum": 8219648132774361648,
      "lowered_checksum": 8219648132774361648,
      "stack_sample_ns": [163391208,167977666,167275500,164660041,163662625],
      "lowered_sample_ns": [1046584,1049500,1118375,1055958,1050375],
      "stack_min_ns": 163391208,
      "stack_median_ns": 164660041,
      "stack_max_ns": 167977666,
      "lowered_min_ns": 1046584,
      "lowered_median_ns": 1050375,