{
  "artifact_schema_version": 1,
  "label": "runtime_backend_matrix_v1",
  "captured_at": "2026-03-15T04:17:45Z",
  "git_rev": "22676111b53b34c479d9cf5a0fca54de422f8e1f",
  "repo_state": "clean",
  "host": {
    "uname": "Darwin timartiumai.local 25.4.0 Darwin Kernel Version 25.4.0: Thu Mar  5 22:43:42 PST 2026; root:xnu-12377.101.14~19/RELEASE_ARM64_T6020 arm64",
    "cpu": "Apple M2 Pro",
    "zig_version": "0.15.2"
  },
  "measurement_contract": {
    "command": "zig build bench-runtime-backends",
    "timed_iterations": 10000,
    "warmup_iterations": 2000,
    "samples_per_run": 5,
    "summary_stat": "median_ns from one warmed invocation"
  },
  "lanes": {
    "atm_resume_transform": {
      "lane_class": "witness",
      "target_ratio_max": 1.25,
      "stack_checksum": 17801976633557739792,
      "lowered_checksum": 17801976633557739792,
      "stack_sample_ns": [81558542,83649041,80912959,79856667,81099958],
      "lowered_sample_ns": [948292,937042,932084,922583,1024667],
      "stack_min_ns": 79856667,
      "stack_median_ns": 81099958,
      "stack_max_ns": 83649041,
      "lowered_min_ns": 922583,
      "lowered_median_ns": 937042,
      "lowered_max_ns": 1024667,
      "observed_ratio": 0.0115541613474078
    },
    "direct_return": {
      "lane_class": "witness",
      "target_ratio_max": 1.25,
      "stack_checksum": 628206173383419648,
      "lowered_checksum": 628206173383419648,
      "stack_sample_ns": [100304458,97272750,88716667,82294584,78214792],
      "lowered_sample_ns": [778083,784625,760084,781667,766500],
      "stack_min_ns": 78214792,
      "stack_median_ns": 88716667,
      "stack_max_ns": 100304458,
      "lowered_min_ns": 760084,
      "lowered_median_ns": 778083,
      "lowered_max_ns": 784625,
      "observed_ratio": 0.0087704264182964
    },
    "multi_prompt": {
      "lane_class": "witness",
      "target_ratio_max": 1.25,
      "stack_checksum": 8332002058700971488,
      "lowered_checksum": 8332002058700971488,
      "stack_sample_ns": [111711041,110902042,112010542,109941833,109885958],
      "lowered_sample_ns": [1077292,1083000,1072916,1138000,1077916],
      "stack_min_ns": 109885958,
      "stack_median_ns": 110902042,
      "stack_max_ns": 112010542,
      "lowered_min_ns": 1072916,
      "lowered_median_ns": 1077916,
      "lowered_max_ns": 1138000,
      "observed_ratio": 0.0097195324861557
    },
    "resume_or_return_resume": {
      "lane_class": "witness",
      "target_ratio_max": 1.25,
      "stack_checksum": 10495262929730832224,
      "lowered_checksum": 10495262929730832224,
      "stack_sample_ns": [80022792,80002500,80674792,79610000,80010416],
      "lowered_sample_ns": [941709,945250,956333,939375,946708],
      "stack_min_ns": 79610000,
      "stack_median_ns": 80010416,
      "stack_max_ns": 80674792,
      "lowered_min_ns": 939375,
      "lowered_median_ns": 945250,
      "lowered_max_ns": 956333,
      "observed_ratio": 0.0118140868058979
    },
    "resume_or_return_return_now": {
      "lane_class": "witness",
      "target_ratio_max": 1.25,
      "stack_checksum": 7807795274561387152,
      "lowered_checksum": 7807795274561387152,
      "stack_sample_ns": [79894792,80460416,79920125,80241125,80557083],
      "lowered_sample_ns": [759333,765584,754750,755750,760666],
      "stack_min_ns": 79894792,
      "stack_median_ns": 80241125,
      "stack_max_ns": 80557083,
      "lowered_min_ns": 754750,
      "lowered_median_ns": 759333,
      "lowered_max_ns": 765584,
      "observed_ratio": 0.0094631400045799
    },
    "static_redelim": {
      "lane_class": "witness",
      "target_ratio_max": 1.25,
      "stack_checksum": 2913266055049900192,
      "lowered_checksum": 2913266055049900192,
      "stack_sample_ns": [83036042,93529792,82629417,83072375,81280250],
      "lowered_sample_ns": [1160500,1190917,1156000,1160458,1156959],
      "stack_min_ns": 81280250,
      "stack_median_ns": 83036042,
      "stack_max_ns": 93529792,
      "lowered_min_ns": 1156000,
      "lowered_median_ns": 1160458,
      "lowered_max_ns": 1190917,
      "observed_ratio": 0.0139753530159831
    },
    "early_exit": {
      "lane_class": "example",
      "target_ratio_max": 1.35,
      "stack_checksum": 628206173383419648,
      "lowered_checksum": 628206173383419648,
      "stack_sample_ns": [82359000,81774791,80747250,80068375,80565416],
      "lowered_sample_ns": [727667,734625,732250,730458,729625],
      "stack_min_ns": 80068375,
      "stack_median_ns": 80747250,
      "stack_max_ns": 82359000,
      "lowered_min_ns": 727667,
      "lowered_median_ns": 730458,
      "lowered_max_ns": 734625,
      "observed_ratio": 0.0090462275805058
    },
    "resume_or_return": {
      "lane_class": "example",
      "target_ratio_max": 1.35,
      "stack_checksum": 3930762164616111312,
      "lowered_checksum": 3930762164616111312,
      "stack_sample_ns": [160822416,162320208,161793291,161430333,160904292],
      "lowered_sample_ns": [1193875,1181708,1189125,1195708,1188083],
      "stack_min_ns": 160822416,
      "stack_median_ns": 161430333,
      "stack_max_ns": 162320208,
      "lowered_min_ns": 1181708,
      "lowered_median_ns": 1189125,
      "lowered_max_ns": 1195708,
      "observed_ratio": 0.0073661806793151
    },
    "nested_workflow": {
      "lane_class": "workflow",
      "target_ratio_max": 1.50,
      "stack_checksum": 8731421987372624400,
      "lowered_checksum": 8731421987372624400,
      "stack_sample_ns": [111084292,111087167,111429792,110512417,109644208],
      "lowered_sample_ns": [1134666,1147791,1133375,1136791,1186167],
      "stack_min_ns": 109644208,
      "stack_median_ns": 111084292,
      "stack_max_ns": 111429792,
      "lowered_min_ns": 1133375,
      "lowered_median_ns": 1136791,
      "lowered_max_ns": 1186167,
      "observed_ratio": 0.0102335891018687
    },
    "generator": {
      "lane_class": "workflow",
      "target_ratio_max": 1.50,
      "stack_checksum": 2205035635005971200,
      "lowered_checksum": 2205035635005971200,
      "stack_sample_ns": [81560000,82511333,82008375,82775333,82040625],
      "lowered_sample_ns": [852167,859166,857000,835750,848625],
      "stack_min_ns": 81560000,
      "stack_median_ns": 82040625,
      "stack_max_ns": 82775333,
      "lowered_min_ns": 835750,
      "lowered_median_ns": 852167,
      "lowered_max_ns": 859166,
      "observed_ratio": 0.0103871344227326
    },
    "state_basic": {
      "lane_class": "effect",
      "target_ratio_max": 1.95,
      "stack_checksum": 3196383728514520432,
      "lowered_checksum": 3196383728514520432,
      "stack_sample_ns": [489375,489417,488000,490792,490459],
      "lowered_sample_ns": [853625,846291,858875,847167,855541],
      "stack_min_ns": 488000,
      "stack_median_ns": 489417,
      "stack_max_ns": 490792,
      "lowered_min_ns": 846291,
      "lowered_median_ns": 853625,
      "lowered_max_ns": 858875,
      "observed_ratio": 1.7441670395593125
    },
    "reader_basic": {
      "lane_class": "effect",
      "target_ratio_max": 2.50,
      "stack_checksum": 15571372057241649264,
      "lowered_checksum": 15571372057241649264,
      "stack_sample_ns": [391875,427750,414709,425791,425250],
      "lowered_sample_ns": [723750,701709,690958,709417,711708],
      "stack_min_ns": 391875,
      "stack_median_ns": 425250,
      "stack_max_ns": 427750,
      "lowered_min_ns": 690958,
      "lowered_median_ns": 709417,
      "lowered_max_ns": 723750,
      "observed_ratio": 1.6682351557907114
    },
    "optional_basic": {
      "lane_class": "effect",
      "target_ratio_max": 1.35,
      "stack_checksum": 8219648132774361648,
      "lowered_checksum": 8219648132774361648,
      "stack_sample_ns": [162191042,159789000,161277250,160394833,167053625],
      "lowered_sample_ns": [1115375,1096458,1101958,1097166,1101542],
      "stack_min_ns": 159789000,
      "stack_median_ns": 161277250,
      "stack_max_ns": 167053625,
      "lowered_min_ns": 1096458,
      "lowered_median_ns": 1101542,