{
  "artifact_schema_version": 1,
  "label": "runtime_backend_matrix_v1",
  "captured_at": "2026-03-15T04:11:01Z",
  "git_rev": "267e33a640423a9fc23e4643f9ca0b09c09c9293",
  "repo_state": "clean",
  "host": {
    "uname": "Darwin timartiumai.local 25.4.0 Darwin Kernel Version 25.4.0: Thu Mar  5 22:43:42 PST 2026; root:xnu-12377.101.14~19/RELEASE_ARM64_T6020 arm64",
    "cpu": "Apple M2 Pro",
    "zig_version": "0.15.2"
  },
  "measurement_contract": {
    "command": "zig build bench-runtime-backends",
    "timed_iterations": 10000,
    "warmup_iterations": 2000,
    "samples_per_run": 5,
    "summary_stat": "median_ns from one warmed invocation"
  },
  "lanes": {
    "atm_resume_transform": {
      "lane_class": "witness",
      "target_ratio_max": 1.25,
      "stack_checksum": 17801976633557739792,
      "lowered_checksum": 17801976633557739792,
      "stack_sample_ns": [84289042,83092708,81732000,81773625,81531792],
      "lowered_sample_ns": [920042,903833,901500,918666,908667],
      "stack_min_ns": 81531792,
      "stack_median_ns": 81773625,
      "stack_max_ns": 84289042,
      "lowered_min_ns": 901500,
      "lowered_median_ns": 908667,
      "lowered_max_ns": 920042,
      "observed_ratio": 0.0111119813998707
    },
    "direct_return": {
      "lane_class": "witness",
      "target_ratio_max": 1.25,
      "stack_checksum": 628206173383419648,
      "lowered_checksum": 628206173383419648,
      "stack_sample_ns": [81708250,87208250,89242917,87620042,80810750],
      "lowered_sample_ns": [745542,740125,745292,744667,744000],
      "stack_min_ns": 80810750,
      "stack_median_ns": 87208250,
      "stack_max_ns": 89242917,
      "lowered_min_ns": 740125,
      "lowered_median_ns": 744667,
      "lowered_max_ns": 745542,
      "observed_ratio": 0.0085389513033457
    },
    "multi_prompt": {
      "lane_class": "witness",
      "target_ratio_max": 1.25,
      "stack_checksum": 8332002058700971488,
      "lowered_checksum": 8332002058700971488,
      "stack_sample_ns": [113954625,114776625,114101625,115040750,115394708],
      "lowered_sample_ns": [1055333,1060292,1056375,1055833,1051583],
      "stack_min_ns": 113954625,
      "stack_median_ns": 114776625,
      "stack_max_ns": 115394708,
      "lowered_min_ns": 1051583,
      "lowered_median_ns": 1055833,
      "lowered_max_ns": 1060292,
      "observed_ratio": 0.0091990246271835
    },
    "resume_or_return_resume": {
      "lane_class": "witness",
      "target_ratio_max": 1.25,
      "stack_checksum": 10495262929730832224,
      "lowered_checksum": 10495262929730832224,
      "stack_sample_ns": [82976166,82226041,80908834,80405833,80426541],
      "lowered_sample_ns": [939417,945709,970167,946167,953542],
      "stack_min_ns": 80405833,
      "stack_median_ns": 80908834,
      "stack_max_ns": 82976166,
      "lowered_min_ns": 939417,
      "lowered_median_ns": 946167,
      "lowered_max_ns": 970167,
      "observed_ratio": 0.0116942360088887
    },
    "resume_or_return_return_now": {
      "lane_class": "witness",
      "target_ratio_max": 1.25,
      "stack_checksum": 7807795274561387152,
      "lowered_checksum": 7807795274561387152,
      "stack_sample_ns": [79804833,80836917,81173583,81371917,81149792],
      "lowered_sample_ns": [756167,746917,750166,786500,785666],
      "stack_min_ns": 79804833,
      "stack_median_ns": 81149792,
      "stack_max_ns": 81371917,
      "lowered_min_ns": 746917,
      "lowered_median_ns": 756167,
      "lowered_max_ns": 786500,
      "observed_ratio": 0.0093181631321988
    },
    "static_redelim": {
      "lane_class": "witness",
      "target_ratio_max": 1.25,
      "stack_checksum": 2913266055049900192,
      "lowered_checksum": 2913266055049900192,
      "stack_sample_ns": [83075833,80995833,82310917,81131375,83819500],
      "lowered_sample_ns": [1220958,1168042,1196000,1158917,1147333],
      "stack_min_ns": 80995833,
      "stack_median_ns": 82310917,
      "stack_max_ns": 83819500,
      "lowered_min_ns": 1147333,
      "lowered_median_ns": 1168042,
      "lowered_max_ns": 1220958,
      "observed_ratio": 0.0141906085191591
    },
    "early_exit": {
      "lane_class": "example",
      "target_ratio_max": 1.35,
      "stack_checksum": 628206173383419648,
      "lowered_checksum": 628206173383419648,
      "stack_sample_ns": [82981375,80704833,79974167,82485417,81392542],
      "lowered_sample_ns": [727250,722375,739459,729083,723959],
      "stack_min_ns": 79974167,
      "stack_median_ns": 81392542,
      "stack_max_ns": 82981375,
      "lowered_min_ns": 722375,
      "lowered_median_ns": 727250,
      "lowered_max_ns": 739459,
      "observed_ratio": 0.0089350938320614
    },
    "resume_or_return": {
      "lane_class": "example",
      "target_ratio_max": 1.35,
      "stack_checksum": 3930762164616111312,
      "lowered_checksum": 3930762164616111312,
      "stack_sample_ns": [163428500,163246917,163410917,162166250,163616375],
      "lowered_sample_ns": [1174875,1175416,1165000,1200416,1178458],
      "stack_min_ns": 162166250,
      "stack_median_ns": 163410917,
      "stack_max_ns": 163616375,
      "lowered_min_ns": 1165000,
      "lowered_median_ns": 1175416,
      "lowered_max_ns": 1200416,
      "observed_ratio": 0.0071930077964130
    },
    "nested_workflow": {
      "lane_class": "workflow",
      "target_ratio_max": 1.50,
      "stack_checksum": 8731421987372624400,
      "lowered_checksum": 8731421987372624400,
      "stack_sample_ns": [110924375,111249750,111433125,110663208,110122500],
      "lowered_sample_ns": [1109917,1113958,1110542,1119208,1107667],
      "stack_min_ns": 110122500,
      "stack_median_ns": 110924375,
      "stack_max_ns": 111433125,
      "lowered_min_ns": 1107667,
      "lowered_median_ns": 1110542,
      "lowered_max_ns": 1119208,
      "observed_ratio": 0.0100117039199004
    },
    "state_basic": {
      "lane_class": "effect",
      "target_ratio_max": 1.95,
      "stack_checksum": 3196383728514520432,
      "lowered_checksum": 3196383728514520432,
      "stack_sample_ns": [467833,489584,475750,469875,465833],
      "lowered_sample_ns": [827708,827959,821334,816708,814583],
      "stack_min_ns": 465833,
      "stack_median_ns": 469875,
      "stack_max_ns": 489584,
      "lowered_min_ns": 814583,
      "lowered_median_ns": 821334,
      "lowered_max_ns": 827959,
      "observed_ratio": 1.7479840383080607
    },
    "reader_basic": {
      "lane_class": "effect",
      "target_ratio_max": 2.50,
      "stack_checksum": 15571372057241649264,
      "lowered_checksum": 15571372057241649264,
      "stack_sample_ns": [470875,399583,391083,386416,469250],
      "lowered_sample_ns": [764917,736083,739750,697459,727834],
      "stack_min_ns": 386416,
      "stack_median_ns": 399583,
      "stack_max_ns": 470875,
      "lowered_min_ns": 697459,
      "lowered_median_ns": 736083,
      "lowered_max_ns": 764917,
      "observed_ratio": 1.8421279183548849
    },
    "optional_basic": {
      "lane_class": "effect",
      "target_ratio_max": 1.35,
      "stack_checksum": 8219648132774361648,
      "lowered_checksum": 8219648132774361648,
      "stack_sample_ns": [164903166,161728375,165347833,163693958,164254708],
      "lowered_sample_ns": [1092041,1098083,1097125,1091542,1109208],
      "stack_min_ns": 161728375,
      "stack_median_ns": 164254708,
      "stack_max_ns": 165347833,
      "lowered_min_ns": 1091542,
      "lowered_median_ns": 1097125,
      "lowered_max_ns": 1109208,
      "observed_ratio": 0.0066794128056287
    },
    "exception_basic": {
      "lane_class": "effect",
      "target_ratio_max": 1.35,
      "stack_checksum": 13769657454386788976,
      "lowered_checksum": 13769657454386788976,
      "stack_sample_ns": [164172458,164119000,165783166,161981750,163982625],
      "lowered_sample_ns": [1046292,1065417,1056417,1044334,1079875],
      "stack_min_ns": 161981750,
      "stack_median_ns": 164119000,
      "stack_max_ns": 165783166,
      "lowered_min_ns": 1044334,