{
  "artifact_schema_version": 1,
  "label": "runtime_backend_matrix_v1",
  "captured_at": "2026-03-15T04:14:45Z",
  "git_rev": "b75a45838492c3b0614a1decbd85c204fe8f1176",
  "repo_state": "clean",
  "host": {
    "uname": "Darwin timartiumai.local 25.4.0 Darwin Kernel Version 25.4.0: Thu Mar  5 22:43:42 PST 2026; root:xnu-12377.101.14~19/RELEASE_ARM64_T6020 arm64",
    "cpu": "Apple M2 Pro",
    "zig_version": "0.15.2"
  },
  "measurement_contract": {
    "command": "zig build bench-runtime-backends",
    "timed_iterations": 10000,
    "warmup_iterations": 2000,
    "samples_per_run": 5,
    "summary_stat": "median_ns from one warmed invocation"
  },
  "lanes": {
    "atm_resume_transform": {
      "lane_class": "witness",
      "target_ratio_max": 1.25,
      "stack_checksum": 17801976633557739792,
      "lowered_checksum": 17801976633557739792,
      "stack_sample_ns": [81626625,79641375,80093458,80353917,89449583],
      "lowered_sample_ns": [928291,926041,931292,922208,945125],
      "stack_min_ns": 79641375,
      "stack_median_ns": 80353917,
      "stack_max_ns": 89449583,
      "lowered_min_ns": 922208,
      "lowered_median_ns": 928291,
      "lowered_max_ns": 945125,
      "observed_ratio": 0.0115525295425237
    },
    "direct_return": {
      "lane_class": "witness",
      "target_ratio_max": 1.25,
      "stack_checksum": 628206173383419648,
      "lowered_checksum": 628206173383419648,
      "stack_sample_ns": [93374209,81915625,79935583,81527375,77292292],
      "lowered_sample_ns": [775958,761791,771792,756708,756209],
      "stack_min_ns": 77292292,
      "stack_median_ns": 81527375,
      "stack_max_ns": 93374209,
      "lowered_min_ns": 756209,
      "lowered_median_ns": 761791,
      "lowered_max_ns": 775958,
      "observed_ratio": 0.0093439902854716
    },
    "multi_prompt": {
      "lane_class": "witness",
      "target_ratio_max": 1.25,
      "stack_checksum": 8332002058700971488,
      "lowered_checksum": 8332002058700971488,
      "stack_sample_ns": [110818666,110362500,110130625,109954834,109669666],
      "lowered_sample_ns": [1096333,1079000,1080708,1089792,1084417],
      "stack_min_ns": 109669666,
      "stack_median_ns": 110130625,
      "stack_max_ns": 110818666,
      "lowered_min_ns": 1079000,
      "lowered_median_ns": 1084417,
      "lowered_max_ns": 1096333,
      "observed_ratio": 0.0098466434745104
    },
    "resume_or_return_resume": {
      "lane_class": "witness",
      "target_ratio_max": 1.25,
      "stack_checksum": 10495262929730832224,
      "lowered_checksum": 10495262929730832224,
      "stack_sample_ns": [80140042,80879125,81480959,81544625,81297292],
      "lowered_sample_ns": [956916,948917,951666,957250,955209],
      "stack_min_ns": 80140042,
      "stack_median_ns": 81297292,
      "stack_max_ns": 81544625,
      "lowered_min_ns": 948917,
      "lowered_median_ns": 955209,
      "lowered_max_ns": 957250,
      "observed_ratio": 0.0117495795554912
    },
    "resume_or_return_return_now": {
      "lane_class": "witness",
      "target_ratio_max": 1.25,
      "stack_checksum": 7807795274561387152,
      "lowered_checksum": 7807795274561387152,
      "stack_sample_ns": [81426625,79608084,80790334,81550583,81074708],
      "lowered_sample_ns": [750750,751584,752500,762917,754833],
      "stack_min_ns": 79608084,
      "stack_median_ns": 81074708,
      "stack_max_ns": 81550583,
      "lowered_min_ns": 750750,
      "lowered_median_ns": 752500,
      "lowered_max_ns": 762917,
      "observed_ratio": 0.0092815628765508
    },
    "static_redelim": {
      "lane_class": "witness",
      "target_ratio_max": 1.25,
      "stack_checksum": 2913266055049900192,
      "lowered_checksum": 2913266055049900192,
      "stack_sample_ns": [81567792,82790792,81688792,82452666,82867917],
      "lowered_sample_ns": [1172333,1163209,1165500,1175875,1173500],
      "stack_min_ns": 81567792,
      "stack_median_ns": 82452666,
      "stack_max_ns": 82867917,
      "lowered_min_ns": 1163209,
      "lowered_median_ns": 1172333,
      "lowered_max_ns": 1175875,
      "observed_ratio": 0.0142182546286617
    },
    "early_exit": {
      "lane_class": "example",
      "target_ratio_max": 1.35,
      "stack_checksum": 628206173383419648,
      "lowered_checksum": 628206173383419648,
      "stack_sample_ns": [80786875,79834583,80833375,80961625,80677500],
      "lowered_sample_ns": [724042,728792,750125,733250,746250],
      "stack_min_ns": 79834583,
      "stack_median_ns": 80786875,
      "stack_max_ns": 80961625,
      "lowered_min_ns": 724042,
      "lowered_median_ns": 733250,
      "lowered_max_ns": 750125,
      "observed_ratio": 0.0090763505829381
    },
    "resume_or_return": {
      "lane_class": "example",
      "target_ratio_max": 1.35,
      "stack_checksum": 3930762164616111312,
      "lowered_checksum": 3930762164616111312,
      "stack_sample_ns": [162840917,163027667,162499584,161511792,161898375],
      "lowered_sample_ns": [1207791,1200833,1184084,1199041,1210000],
      "stack_min_ns": 161511792,
      "stack_median_ns": 162499584,
      "stack_max_ns": 163027667,
      "lowered_min_ns": 1184084,
      "lowered_median_ns": 1200833,
      "lowered_max_ns": 1210000,
      "observed_ratio": 0.0073897604562483
    },
    "nested_workflow": {
      "lane_class": "workflow",
      "target_ratio_max": 1.50,
      "stack_checksum": 8731421987372624400,
      "lowered_checksum": 8731421987372624400,
      "stack_sample_ns": [111005042,110492083,111004584,110673458,113062875],
      "lowered_sample_ns": [1143958,1121541,1117208,1140875,1135458],
      "stack_min_ns": 110492083,
      "stack_median_ns": 111004584,
      "stack_max_ns": 113062875,
      "lowered_min_ns": 1117208,
      "lowered_median_ns": 1135458,
      "lowered_max_ns": 1143958,
      "observed_ratio": 0.0102289289242325
    },
    "generator": {
      "lane_class": "workflow",
      "target_ratio_max": 1.50,
      "stack_checksum": 2205035635005971200,
      "lowered_checksum": 2205035635005971200,
      "stack_sample_ns": [82330250,83512334,83312458,82771208,82563458],
      "lowered_sample_ns": [823084,815000,822917,877833,825500],
      "stack_min_ns": 82330250,
      "stack_median_ns": 82771208,
      "stack_max_ns": 83512334,
      "lowered_min_ns": 815000,
      "lowered_median_ns": 823084,
      "lowered_max_ns": 877833,
      "observed_ratio": 0.0099440858710193
    },
    "state_basic": {
      "lane_class": "effect",
      "target_ratio_max": 1.95,
      "stack_checksum": 3196383728514520432,
      "lowered_checksum": 3196383728514520432,
      "stack_sample_ns": [476292,493583,502583,471833,472500],
      "lowered_sample_ns": [891167,871458,847333,843666,841708],
      "stack_min_ns": 471833,
      "stack_median_ns": 476292,
      "stack_max_ns": 502583,
      "lowered_min_ns": 841708,
      "lowered_median_ns": 847333,
      "lowered_max_ns": 891167,
      "observed_ratio": 1.7790200129332425
    },
    "reader_basic": {
      "lane_class": "effect",
      "target_ratio_max": 2.50,
      "stack_checksum": 15571372057241649264,
      "lowered_checksum": 15571372057241649264,
      "stack_sample_ns": [412708,465583,402667,443292,395750],
      "lowered_sample_ns": [692500,708083,708791,689958,693708],
      "stack_min_ns": 395750,
      "stack_median_ns": 412708,
      "stack_max_ns": 465583,
      "lowered_min_ns": 689958,
      "lowered_median_ns": 693708,
      "lowered_max_ns": 708791,
      "observed_ratio": 1.6808687982786861
    },
    "optional_basic": {
      "lane_class": "effect",
      "target_ratio_max": 1.35,
      "stack_checksum": 8219648132774361648,
      "lowered_checksum": 8219648132774361648,
      "stack_sample_ns": [161568333,165207000,162160416,163602167,163773750],
      "lowered_sample_ns": [1130208,1172125,1123958,1121042,1172750],
      "stack_min_ns": 161568333,
      "stack_median_ns": 163602167,
      "stack_max_ns": 165207000,
      "lowered_min_ns": 1121042,
      "lowered_median_ns": 1130208,